timestamp,demand_mw,actual_dispatch_mw,optimized_dispatch_mw,actual_cost_proxy_usd,optimized_cost_proxy_usd,actual_renewable_mwh,optimized_renewable_mwh,actual_total_mwh,optimized_total_mwh,unserved_mw,actual_renewable_share,optimized_renewable_share,cost_proxy_saving_usd
2026-06-06 00:00:00,1076.5700000000002,1249.03,1108.8671000000002,14144.7575,8363.622625000004,79.3675,157.54600000000002,312.2575,277.21677500000004,0.0,0.25417323843302403,0.5683133713679485,5781.134874999996
2026-06-06 00:15:00,1058.81,1226.99,1090.5743,13824.497500000001,8098.721624999999,79.715,157.8135,306.7475,272.643575,0.0,0.25987171859591357,0.5788271372248549,5725.775875000002
2026-06-06 00:30:00,1040.96,1206.97,1072.1888000000001,13788.455,7830.421,72.9725,158.1235,301.7425,268.04720000000003,0.0,0.24183699677705325,0.589909165251493,5958.034
2026-06-06 00:45:00,1026.26,1189.16,1057.0478,13622.885,7623.857250000001,70.7075,158.091,297.29,264.26195,0.0,0.2378401560765582,0.5982359548924845,5999.027749999999
2026-06-06 01:00:00,1023.14,1166.64,1053.8342,13456.605,7561.67025,66.6725,158.45100000000002,291.66,263.45855,0.0,0.2285966536377974,0.6014266760368947,5894.934749999999
2026-06-06 01:15:00,1010.52,1153.3,1040.8356,13503.255,7374.6895,60.1925,158.616,288.325,260.2089,0.0,0.20876614931067375,0.6095717709886173,6128.565499999999
2026-06-06 01:30:00,994.8,1140.87,1024.644,13376.7125,7159.68,58.96,158.4635,285.2175,256.161,0.0,0.2067194334148501,0.6186089998087141,6217.032499999999
2026-06-06 01:45:00,983.17,1126.37,1012.6651,13250.605,7031.845125,57.365,157.72600000000003,281.5925,253.166275,0.0,0.20371636318438882,0.6230134720748252,6218.759875
2026-06-06 02:00:00,971.98,1114.01,1001.1394000000001,13129.4825,6876.491750000001,56.485,157.66350000000003,278.5025,250.28485000000003,0.0,0.20281685083616843,0.6299362506360253,6252.990749999999
2026-06-06 02:15:00,952.88,1100.91,981.4664,13043.9625,6655.112999999999,54.3275,156.681,275.2275,245.3666,0.0,0.1973912490575978,0.6385587932505892,6388.8495
2026-06-06 02:30:00,938.02,1089.3,966.1605999999998,12943.3075,6492.658249999997,53.589999999999996,155.72100000000003,272.325,241.54014999999995,0.0,0.19678692738455889,0.6447002703277284,6450.649250000004
2026-06-06 02:45:00,936.49,1080.21,964.5846999999998,12852.02,6471.489624999996,53.205,155.711,270.0525,241.14617499999994,0.0,0.1970172466464854,0.6457120872848182,6380.530375000005
2026-06-06 03:00:00,926.48,1055.21,954.2743999999998,12538.455,6333.597999999996,52.4525,155.63350000000003,263.8025,238.56859999999995,0.0,0.19883245988950066,0.6523637226357537,6204.857000000004
2026-06-06 03:15:00,927.18,1028.09,954.9953999999999,12206.5025,6348.011749999999,51.435,155.54350000000002,257.0225,238.74884999999998,0.0,0.20011866665369765,0.6514942375638669,5858.490750000002
2026-06-06 03:30:00,920.13,1023.18,947.7338999999998,12099.1675,6228.166124999998,52.4325,155.94350000000003,255.795,236.93347499999996,0.0,0.2049785961414414,0.6581741984749097,5871.001375000002
2026-06-06 03:45:00,905.18,1018.18,932.3353999999997,12025.17,6021.436749999995,52.385,155.8435,254.545,233.08384999999993,0.0,0.20579858178318175,0.6686156076450601,6003.733250000005
2026-06-06 04:00:00,899.24,1012.75,926.2171999999999,11940.1375,5939.686499999998,52.7425,155.79600000000002,253.1875,231.55429999999998,0.0,0.20831399654406318,0.6728270647532784,6000.451000000003
2026-06-06 04:15:00,910.4,1011.39,937.7119999999998,11757.62,6086.864999999995,57.1625,156.01350000000002,252.8475,234.42799999999994,0.0,0.22607500568524508,0.6655071066596143,5670.755000000006
2026-06-06 04:30:00,903.46,1012.08,930.5637999999998,11989.4975,6020.077249999998,51.1875,155.38350000000003,253.02,232.64094999999995,0.0,0.20230614180697176,0.6679112168343538,5969.420250000002
2026-06-06 04:45:00,910.63,1008.58,937.9488999999998,12038.795,6122.247374999996,48.9725,155.371,252.145,234.48722499999994,0.0,0.19422356183941777,0.6625989965977893,5916.547625000004
2026-06-06 05:00:00,919.45,1013.48,947.0334999999998,12150.805,6255.410624999996,47.7825,155.20600000000002,253.37,236.75837499999994,0.0,0.18858783597110942,0.6555459759343257,5895.394375000004
2026-06-06 05:15:00,915.86,1032.86,943.3357999999997,12657.0575,6211.8172499999955,41.525,155.061,258.215,235.83394999999993,0.0,0.1608155994035978,0.6575007542383107,6445.240250000005
2026-06-06 05:30:00,922.78,1072.21,950.4633999999999,13222.625,6312.571749999997,40.910000000000004,155.00600000000003,268.0525,237.61584999999997,0.0,0.15261935628281775,0.6523386381842796,6910.053250000003
2026-06-06 05:45:00,947.62,1078.07,976.0486000000001,13316.5,6664.49325,40.6025,155.00350000000003,269.5175,244.01215000000002,0.0,0.15064884469468587,0.6352286146407055,6652.00675
2026-06-06 06:00:00,961.13,1087.02,989.9639,13470.72,6856.328624999998,39.765,154.9935,271.755,247.490975,0.0,0.14632665452337584,0.6262591999566853,6614.391375000001
2026-06-06 06:15:00,981.59,1100.7,1011.0377000000002,13623.05,7146.593375000002,40.75,154.98350000000002,275.175,252.75942500000005,0.0,0.14808758063050786,0.6131660570125129,6476.456624999997
2026-06-06 06:30:00,945.26,1116.78,973.6178,13768.244999999999,6631.069749999999,42.785,155.00350000000003,279.195,243.40445,0.0,0.1532441483550923,0.6368145693310046,7137.17525
2026-06-06 06:45:00,934.21,1083.35,962.2362999999998,13449.5125,6475.449124999996,39.0325,154.98600000000002,270.8375,240.55907499999995,0.0,0.1441177828033415,0.6442741767276917,6974.063375000005
2026-06-06 07:00:00,951.72,1073.3899999999999,980.2716000000001,13357.6175,6670.809500000001,37.29,156.03850000000003,268.34749999999997,245.06790000000004,0.0,0.13896160761698917,0.6367153756163088,6686.807999999999
2026-06-06 07:15:00,975.48,1099.67,1004.7444000000002,13531.28,6851.185500000001,40.69,159.16100000000003,274.9175,251.18610000000004,0.0,0.1480080387752689,0.633637768968904,6680.094499999999
2026-06-06 07:30:00,1000.81,1129.1,1030.8343,13745.75,7090.171624999999,43.2875,161.556,282.275,257.708575,0.0,0.15335222743778232,0.6268941574800141,6655.578375000001
2026-06-06 07:45:00,1041.54,1161.93,1072.7862,13930.3825,7467.510249999998,47.7675,165.54600000000002,290.4825,268.19655,0.0,0.16444191990911672,0.6172562622449842,6462.872250000001
2026-06-06 08:00:00,1041.98,1199.94,1073.2394000000004,14181.8525,7311.241750000004,51.769999999999996,168.79600000000002,299.985,268.3098500000001,0.0,0.1725752954314382,0.6291084729092128,6870.610749999997
2026-06-06 08:15:00,1070.9,1249.83,1103.027,14251.43,7581.94625,65.6675,171.57350000000002,312.4575,275.75675,0.0,0.21016458238320415,0.6221914785404166,6669.48375
2026-06-06 08:30:00,1104.64,1284.25,1137.7792,14569.515,7962.414,67.625,173.52100000000002,321.0625,284.4448,0.0,0.21062877165660893,0.6100340030824962,6607.101
2026-06-06 08:45:00,1125.49,1322.41,1159.2547,14870.3,8162.577124999998,72.0175,175.42350000000002,330.6025,289.813675,0.0,0.21783713069320407,0.6052975243490495,6707.722875000001
2026-06-06 09:00:00,1184.01,1345.06,1219.5303000000004,14979.925,8900.241625000004,75.72749999999999,177.246,336.265,304.8825750000001,0.0,0.22520184973161048,0.5813582491554329,6079.683374999995
2026-06-06 09:15:00,1215.97,1382.38,1252.4491000000005,15323.035,9278.750125000004,78.745,178.72850000000003,345.595,313.1122750000001,0.0,0.22785341223107972,0.5708128178622187,6044.284874999996
2026-06-06 09:30:00,1224.06,1413.7,1260.7818000000002,15580.4075,9297.699750000002,81.945,180.64100000000002,353.425,315.19545000000005,0.0,0.23185965905071795,0.5731078922617696,6282.707749999998
2026-06-06 09:45:00,1254.85,1436.82,1292.4955000000002,15498.34,9624.763125000003,90.9975,182.82100000000003,359.205,323.12387500000006,0.0,0.2533302710151585,0.5657922986965912,5873.576874999997
2026-06-06 10:00:00,1279.37,1456.04,1317.7511000000002,15612.89,9895.402625000002,93.325,184.35350000000003,364.01,329.43777500000004,0.0,0.2563803192219994,0.5596003676263295,5717.487374999997
2026-06-06 10:15:00,1296.66,1477.21,1335.5598000000005,15760.605,10062.897250000005,95.76,185.901,369.3025,333.8899500000001,0.0,0.2592996256456428,0.5567732721514976,5697.707749999994
2026-06-06 10:30:00,1307.94,1493.41,1347.1782,15892.8975,10184.77525,97.07,186.6585,373.3525,336.79455,0.0,0.2599955805840325,0.5542206665755132,5708.1222499999985
2026-06-06 10:45:00,1348.55,1503.73,1389.0065,15973.385,10722.914374999998,98.0325,187.3985,375.9325,347.251625,0.0,0.260771548083765,0.5396619814234132,5250.470625000002
2026-06-06 11:00:00,1356.65,1521.85,1397.3495000000003,16126.915,10825.005625000003,100.13,187.651,380.4625,349.33737500000007,0.0,0.2631796826231232,0.5371626783421041,5301.909374999997
2026-06-06 11:15:00,1368.74,1534.84,1409.8022000000003,16174.5,10922.230250000002,103.0275,189.13100000000003,383.71,352.4505500000001,0.0,0.26850355737405857,0.5366171226006031,5252.269749999998
2026-06-06 11:30:00,1369.67,1552.46,1410.7601000000004,16245.94,10879.526375000003,106.44500000000001,190.2485,388.115,352.6900250000001,0.0,0.27426149466008787,0.5394212665923851,5366.413624999997
2026-06-06 11:45:00,1364.96,1553.75,1405.9088000000004,16226.15,10793.696000000004,106.74,190.631,388.4375,351.4772000000001,0.0,0.274793242156074,0.5423708849393359,5432.453999999996
2026-06-06 12:00:00,1389.32,1558.63,1430.9996,16177.855,11067.819500000001,109.1175,192.04850000000002,389.6575,357.7499,0.0,0.2800343891751089,0.5368233506144936,5110.035499999998
2026-06-06 12:15:00,1396.2399999999998,1559.98,1438.1272000000001,16335.627499999999,11111.699,104.25500000000001,193.13100000000003,389.995,359.53180000000003,0.0,0.26732394005051346,0.5371736241411748,5223.928499999998
2026-06-06 12:30:00,1392.9,1552.3,1434.6870000000004,16394.13,11079.646250000003,99.3225,192.82600000000002,388.075,358.6717500000001,0.0,0.25593635250917995,0.5376113396162367,5314.483749999998
2026-06-06 12:45:00,1395.94,1546.9,1437.8182000000002,16327.845000000001,11123.450250000004,99.2425,192.811,386.725,359.45455000000004,0.0,0.2566229232658866,0.5363988298381533,5204.394749999998
2026-06-06 13:00:00,1422.28,1551.21,1464.9484000000002,16415.95,11428.615500000004,98.0075,194.16850000000002,387.8025,366.23710000000005,0.0,0.2527252918689281,0.5301715746438578,4987.334499999997
2026-06-06 13:15:00,1430.89,1550.92,1473.8167000000003,16518.495,11579.554625000004,94.58500000000001,193.5885,387.73,368.4541750000001,0.0,0.24394552910530526,0.5254072640105109,4938.940374999995
2026-06-06 13:30:00,1427.31,1557.77,1470.1293000000003,16626.4775,11508.477875000002,94.3775,193.996,389.4425,367.53232500000007,0.0,0.24234001168336788,0.5278338442747859,5117.999624999999
2026-06-06 13:45:00,1427.08,1561.12,1469.8924000000002,16563.9075,11593.470500000003,97.75,192.23100000000002,390.28,367.47310000000004,0.0,0.2504612073383212,0.5231158416765744,4970.436999999998
2026-06-06 14:00:00,1428.63,1553.71,1471.4889000000003,16554.51,11710.797375000002,96.8625,190.32350000000002,388.4275,367.87222500000007,0.0,0.24937086071403286,0.5173630599592018,4843.7126249999965
2026-06-06 14:15:00,1440.6,1554.43,1483.8180000000002,16551.36,11886.322500000002,98.2925,190.20350000000002,388.6075,370.95450000000005,0.0,0.2529351595118468,0.5127407808774391,4665.0374999999985
2026-06-06 14:30:00,1438.95,1560.72,1482.1185000000003,16672.175,11938.954375000003,97.955,188.6835,390.18,370.52962500000007,0.0,0.25105079706801986,0.5092264889750717,4733.220624999996
2026-06-06 14:45:00,1423.86,1564.8200000000002,1466.5758,16658.135000000002,11693.36725,100.4675,189.32100000000003,391.20500000000004,366.64395,0.0,0.25681548037473956,0.5163619909724407,4964.767750000003
2026-06-06 15:00:00,1418.51,1562.17,1461.0653000000002,16499.6725,11645.972875000001,103.685,188.75350000000003,390.5425,365.26632500000005,0.0,0.2654896714186036,0.5167558219334892,4853.699624999999
2026-06-06 15:15:00,1416.25,1553.57,1458.7375,16439.185,11777.465625,103.61749999999999,185.48350000000002,388.3925,364.684375,0.0,0.26678553267635186,0.5086137841798131,4661.719375000001
2026-06-06 15:30:00,1411.2,1552.42,1453.5360000000003,16425.44,11727.195000000002,105.47,185.0585,388.105,363.38400000000007,0.0,0.2717563545947617,0.5092643044272724,4698.244999999997
2026-06-06 15:45:00,1403.1799999999998,1538.1,1445.2754,16401.9375,11807.86175,102.4125,181.17350000000002,384.525,361.31885,0.0,0.26633508874585526,0.5014227738187477,4594.07575
2026-06-06 16:00:00,1397.08,1527.51,1438.9924,16332.130000000001,11807.095500000001,103.1,179.461,381.8775,359.7481,0.0,0.2699818659124981,0.49885183549266837,4525.0345
2026-06-06 16:15:00,1379.06,1515.17,1420.4318000000003,16255.352499999999,11695.887250000003,102.6075,176.58100000000002,378.7925,355.1079500000001,0.0,0.2708804952579578,0.49726005852586513,4559.465249999996
2026-06-06 16:30:00,1368.09,1499.82,1409.1327,16160.83,11614.024625000002,101.5225,175.11100000000002,374.955,352.283175,0.0,0.27075915776559856,0.49707454805356516,4546.805374999998
2026-06-06 16:45:00,1356.75,1479.09,1397.4525000000003,16098.565,11715.171875000004,98.155,169.876,369.7725,349.3631250000001,0.0,0.2654469978162249,0.4862447918623351,4383.393124999997
2026-06-06 17:00:00,1348.75,1468.49,1389.2125,16133.9475,11742.121875,97.0575,167.07100000000003,367.1225,347.303125,0.0,0.2643736082642715,0.4810523947920135,4391.8256249999995
2026-06-06 17:15:00,1327.3000000000002,1455.73,1367.1190000000004,16140.8575,11595.461250000004,94.76,163.9285,363.9325,341.7797500000001,0.0,0.2603779547031386,0.47963198521855077,4545.396249999996
2026-06-06 17:30:00,1333.14,1459.15,1373.1342000000004,16175.65,11701.795250000005,97.05499999999999,163.45600000000002,364.7875,343.2835500000001,0.0,0.26605900695610457,0.4761544792927012,4473.854749999995
2026-06-06 17:45:00,1370.55,1470.32,1411.6665000000005,16272.45,12278.114375000006,99.1725,162.526,367.58,352.9166250000001,0.0,0.2697984112302084,0.46052236842058647,3994.3356249999943
2026-06-06 18:00:00,1462.85,1519.93,1506.7355000000005,16507.3675,13583.813125000006,111.72749999999999,162.556,379.9825,376.6838750000001,0.0,0.29403327784832195,0.4315448862789785,2923.5543749999943
2026-06-06 18:15:00,1512.33,1601.72,1557.6999000000005,17289.1825,14355.698625000006,121.5125,161.13350000000003,400.43,389.42497500000013,0.0,0.3034550358364758,0.4137728968204979,2933.4838749999926
2026-06-06 18:30:00,1528.56,1649.63,1574.4168000000004,17535.2,14660.056000000006,133.9575,159.64350000000002,412.4075,393.6042000000001,0.0,0.3248182925868225,0.4055939951860269,2875.143999999995
2026-06-06 18:45:00,1521.09,1669.68,1566.7227000000005,17718.8125,14493.887125000005,136.78,160.85100000000003,417.42,391.6806750000001,0.0,0.32767955536390203,0.41066871629548735,3224.9253749999953
2026-06-06 19:00:00,1507.91,1674.68,1553.1473000000005,17670.6775,14270.475375000007,139.08,161.586,418.67,388.28682500000014,0.0,0.3321948073661834,0.4161511274558439,3400.2021249999943
2026-06-06 19:15:00,1498.5500000000002,1666.6200000000001,1543.5065000000009,17619.54,14091.53937500001,136.75,162.51350000000002,416.65500000000003,385.8766250000002,0.0,0.328209189857316,0.4211540411394443,3528.0006249999915
2026-06-06 19:30:00,1494.2599999999998,1657.86,1539.0878000000005,17545.895,14064.532250000006,135.19,161.8385,414.465,384.7719500000001,0.0,0.3261795326505254,0.42060888274210206,3481.362749999995
2026-06-06 19:45:00,1479.21,1653.31,1523.5863000000006,17501.42,13808.136625000008,134.7475,162.70350000000002,413.3275,380.89657500000015,0.0,0.32600661702886935,0.42715926232731277,3693.28337499999
2026-06-06 20:00:00,1450.06,1646.99,1493.5618000000002,17383.82,13380.799750000002,135.0475,162.9935,411.7475,373.39045000000004,0.0,0.3279862051378576,0.43652294802933495,4003.0202499999978
2026-06-06 20:15:00,1479.22,1599.52,1523.5966000000005,17329.265,13832.403250000007,118.9525,162.22100000000003,399.88,380.89915000000013,0.0,0.2974704911473442,0.42588963509107325,3496.8617499999928
2026-06-06 20:30:00,1483.24,1606.01,1527.7372000000005,17692.989999999998,13907.086500000007,112.04,161.866,401.5025,381.9343000000001,0.0,0.2790518116325552,0.4238058744658439,3785.9034999999913
2026-06-06 20:45:00,1468.7400000000002,1600.49,1512.8022000000008,17701.2625,13719.230250000011,110.0775,161.51600000000002,400.1225,378.2005500000002,0.0,0.27510949771632437,0.42706442388833105,3982.0322499999893
2026-06-06 21:00:00,1435.6799999999998,1592.09,1478.7504000000001,17551.4675,13195.393000000002,110.825,162.62850000000003,398.0225,369.68760000000003,0.0,0.2784390329692417,0.43990791143657515,4356.074499999997
2026-06-06 21:15:00,1410.68,1573.51,1453.0004000000006,17397.705,12878.705500000005,107.775,161.88100000000003,393.3775,363.25010000000015,0.0,0.2739734733176148,0.44564612645667534,4518.999499999996
2026-06-06 21:30:00,1386.55,1543.3400000000001,1428.1465000000003,17208.8175,12603.339375000005,102.5575,160.5535,385.83500000000004,357.0366250000001,0.0,0.2658066271851957,0.4496835583744384,4605.478124999996
2026-06-06 21:45:00,1318.25,1511.72,1357.7975000000004,16997.3125,11676.915625000003,97.48,159.73600000000002,377.93,339.4493750000001,0.0,0.257931362950811,0.47057385213921804,5320.396874999997
2026-06-06 22:00:00,1297.8,1484.06,1336.734,16577.0875,11397.2925,99.035,159.53600000000003,371.015,334.1835,0.0,0.26692990849426573,0.4773904157446434,5179.795000000002
2026-06-06 22:15:00,1289.16,1463.21,1327.8348000000003,16300.995,11229.178500000004,98.55,160.45100000000002,365.8025,331.9587000000001,0.0,0.26940767217282546,0.4833462716898216,5071.816499999997
2026-06-06 22:30:00,1270.07,1442.89,1308.1721000000002,16061.5325,10895.441375000002,96.565,161.7185,360.7225,327.04302500000006,0.0,0.26769885438252394,0.4944869256881414,5166.091124999997
2026-06-06 22:45:00,1232.52,1427.04,1269.4956000000002,15944.3575,10248.389500000001,92.33250000000001,164.0235,356.76,317.37390000000005,0.0,0.2588084426505214,0.5168147097162054,5695.967999999999
2026-06-06 23:00:00,1218.6,1392.06,1255.158,15542.205,10093.2475,89.27499999999999,163.1835,348.015,313.7895,0.0,0.2565262991537721,0.5200413015731885,5448.9575
2026-06-06 23:15:00,1195.25,1367.27,1231.1075000000003,15534.345,9727.803125000002,80.4475,163.87850000000003,341.8175,307.7768750000001,0.0,0.23535219817592723,0.532458782031626,5806.541874999997
