timestamp,predicted_demand_mw,cndc_forecast_total_mw,is_recursive_fill
2026-06-06 00:00:00,1006.5594482421875,961.4399999999999,True
2026-06-06 00:15:00,993.7780151367188,950.67,True
2026-06-06 00:30:00,983.7496948242188,939.8999999999999,True
2026-06-06 00:45:00,948.4446411132812,929.13,True
2026-06-06 01:00:00,957.8975830078125,918.3599999999998,True
2026-06-06 01:15:00,940.6627197265625,911.8625,True
2026-06-06 01:30:00,935.0720825195312,905.365,True
2026-06-06 01:45:00,932.2745971679688,898.8675000000001,True
2026-06-06 02:00:00,919.1062622070312,892.3700000000001,True
2026-06-06 02:15:00,890.6074829101562,889.4075,True
2026-06-06 02:30:00,892.1559448242188,886.445,True
2026-06-06 02:45:00,898.066650390625,883.4825,True
2026-06-06 03:00:00,881.6032104492188,880.52,True
2026-06-06 03:15:00,876.3539428710938,882.195,True
2026-06-06 03:30:00,878.3840942382812,883.87,True
2026-06-06 03:45:00,883.530517578125,885.5450000000001,True
2026-06-06 04:00:00,879.5005493164062,887.22,True
2026-06-06 04:15:00,902.4473266601562,896.4350000000001,True
2026-06-06 04:30:00,915.5720825195312,905.6499999999999,True
2026-06-06 04:45:00,925.1981201171875,914.865,True
2026-06-06 05:00:00,912.981201171875,924.0799999999999,True
2026-06-06 05:15:00,909.5112915039062,920.6875000000001,True
2026-06-06 05:30:00,916.2982788085938,917.295,True
2026-06-06 05:45:00,917.2801513671875,913.9025,True
2026-06-06 06:00:00,918.3865966796875,910.5099999999999,True
2026-06-06 06:15:00,921.3333129882812,931.4000000000001,True
2026-06-06 06:30:00,951.3990478515625,952.29,True
2026-06-06 06:45:00,947.8945922851562,973.1799999999998,True
2026-06-06 07:00:00,935.0431518554688,994.0699999999999,True
2026-06-06 07:15:00,1000.502685546875,1017.9124999999999,True
2026-06-06 07:30:00,1033.22021484375,1041.755,True
2026-06-06 07:45:00,1068.9161376953125,1065.5975,True
2026-06-06 08:00:00,1053.7196044921875,1089.4399999999998,True
2026-06-06 08:15:00,1090.9034423828125,1101.5275000000001,True
2026-06-06 08:30:00,1124.34375,1113.615,True
2026-06-06 08:45:00,1139.0050048828125,1125.7025,True
2026-06-06 09:00:00,1139.14990234375,1137.79,True
2026-06-06 09:15:00,1144.6611328125,1142.1450000000002,True
2026-06-06 09:30:00,1154.6546630859375,1146.5,True
2026-06-06 09:45:00,1173.3690185546875,1150.8549999999998,True
2026-06-06 10:00:00,1164.342041015625,1155.2099999999998,True
2026-06-06 10:15:00,1168.1097412109375,1154.43,True
2026-06-06 10:30:00,1176.2716064453125,1153.65,True
2026-06-06 10:45:00,1181.89990234375,1152.8700000000001,True
2026-06-06 11:00:00,1186.9852294921875,1152.09,True
2026-06-06 11:15:00,1192.4471435546875,1143.5425,True
2026-06-06 11:30:00,1183.3939208984375,1134.995,True
2026-06-06 11:45:00,1162.3701171875,1126.4475,True
2026-06-06 12:00:00,1152.9520263671875,1117.8999999999999,True
2026-06-06 12:15:00,1149.9964599609375,1117.165,True
2026-06-06 12:30:00,1144.47900390625,1116.4299999999998,True
2026-06-06 12:45:00,1132.9697265625,1115.695,True
2026-06-06 13:00:00,1129.79345703125,1114.96,True
2026-06-06 13:15:00,1143.941650390625,1116.155,True
2026-06-06 13:30:00,1151.85693359375,1117.35,True
2026-06-06 13:45:00,1148.321533203125,1118.545,True
2026-06-06 14:00:00,1152.8316650390625,1119.74,True
2026-06-06 14:15:00,1159.1256103515625,1121.02,True
2026-06-06 14:30:00,1156.181640625,1122.3,True
2026-06-06 14:45:00,1172.9332275390625,1123.5799999999997,True
2026-06-06 15:00:00,1187.638916015625,1124.8600000000001,True
2026-06-06 15:15:00,1184.341064453125,1124.9699999999998,True
2026-06-06 15:30:00,1172.638916015625,1125.0800000000002,True
2026-06-06 15:45:00,1175.26025390625,1125.19,True
2026-06-06 16:00:00,1191.189208984375,1125.3,True
2026-06-06 16:15:00,1209.6343994140625,1148.8575,True
2026-06-06 16:30:00,1208.49365234375,1172.4150000000002,True
2026-06-06 16:45:00,1213.376708984375,1195.9724999999999,True
2026-06-06 17:00:00,1211.81494140625,1219.53,True
2026-06-06 17:15:00,1251.5460205078125,1251.37,True
2026-06-06 17:30:00,1310.25634765625,1283.21,True
2026-06-06 17:45:00,1351.1964111328125,1315.05,True
2026-06-06 18:00:00,1351.39794921875,1346.8899999999999,True
2026-06-06 18:15:00,1387.5853271484375,1341.4825,True
2026-06-06 18:30:00,1396.9879150390625,1336.075,True
2026-06-06 18:45:00,1386.050048828125,1330.6675000000002,True
2026-06-06 19:00:00,1402.9188232421875,1325.26,True
2026-06-06 19:15:00,1386.6795654296875,1312.6999999999998,True
2026-06-06 19:30:00,1373.2987060546875,1300.14,True
2026-06-06 19:45:00,1350.601318359375,1287.5799999999997,True
2026-06-06 20:00:00,1347.5423583984375,1275.02,True
2026-06-06 20:15:00,1328.4345703125,1254.9325,True
2026-06-06 20:30:00,1282.02294921875,1234.845,True
2026-06-06 20:45:00,1256.975341796875,1214.7575,True
2026-06-06 21:00:00,1288.886962890625,1194.67,True
2026-06-06 21:15:00,1262.1517333984375,1168.1575,True
2026-06-06 21:30:00,1221.7236328125,1141.6449999999998,True
2026-06-06 21:45:00,1158.94775390625,1115.1325,True
2026-06-06 22:00:00,1153.9647216796875,1088.62,True
2026-06-06 22:15:00,1119.8558349609375,1065.0874999999999,True
2026-06-06 22:30:00,1119.457763671875,1041.555,True
2026-06-06 22:45:00,1083.276123046875,1018.0225000000002,True
2026-06-06 23:00:00,1075.7822265625,994.49,True
2026-06-06 23:15:00,1068.4107666015625,994.49,True
2026-06-06 23:30:00,1010.29541015625,994.49,True
2026-06-06 23:45:00,998.006591796875,994.49,True
