timestamp,date,source_code,dataset,series_code,series,demand_mw
2026-06-06 00:00:00,2026-06-06,1,demand,SANTA CRUZ,santa_cruz,401.67
2026-06-06 00:15:00,2026-06-06,1,demand,SANTA CRUZ,santa_cruz,396.41
2026-06-06 00:30:00,2026-06-06,1,demand,SANTA CRUZ,santa_cruz,389.16
2026-06-06 00:45:00,2026-06-06,1,demand,SANTA CRUZ,santa_cruz,380.88
2026-06-06 01:00:00,2026-06-06,1,demand,SANTA CRUZ,santa_cruz,377.85
2026-06-06 01:15:00,2026-06-06,1,demand,SANTA CRUZ,santa_cruz,373.89
2026-06-06 01:30:00,2026-06-06,1,demand,SANTA CRUZ,santa_cruz,368.76
2026-06-06 01:45:00,2026-06-06,1,demand,SANTA CRUZ,santa_cruz,364.23
2026-06-06 02:00:00,2026-06-06,1,demand,SANTA CRUZ,santa_cruz,360.55
2026-06-06 02:15:00,2026-06-06,1,demand,SANTA CRUZ,santa_cruz,357.48
2026-06-06 02:30:00,2026-06-06,1,demand,SANTA CRUZ,santa_cruz,354.24
2026-06-06 02:45:00,2026-06-06,1,demand,SANTA CRUZ,santa_cruz,352.08
2026-06-06 03:00:00,2026-06-06,1,demand,SANTA CRUZ,santa_cruz,349.27
2026-06-06 03:15:00,2026-06-06,1,demand,SANTA CRUZ,santa_cruz,348.05
2026-06-06 03:30:00,2026-06-06,1,demand,SANTA CRUZ,santa_cruz,345.94
2026-06-06 03:45:00,2026-06-06,1,demand,SANTA CRUZ,santa_cruz,343.07
2026-06-06 04:00:00,2026-06-06,1,demand,SANTA CRUZ,santa_cruz,342.25
2026-06-06 04:15:00,2026-06-06,1,demand,SANTA CRUZ,santa_cruz,342.57
2026-06-06 04:30:00,2026-06-06,1,demand,SANTA CRUZ,santa_cruz,341.86
2026-06-06 04:45:00,2026-06-06,1,demand,SANTA CRUZ,santa_cruz,342.63
2026-06-06 05:00:00,2026-06-06,1,demand,SANTA CRUZ,santa_cruz,345.65
2026-06-06 05:15:00,2026-06-06,1,demand,SANTA CRUZ,santa_cruz,345.61
2026-06-06 05:30:00,2026-06-06,1,demand,SANTA CRUZ,santa_cruz,346.24
2026-06-06 05:45:00,2026-06-06,1,demand,SANTA CRUZ,santa_cruz,348.07
2026-06-06 06:00:00,2026-06-06,1,demand,SANTA CRUZ,santa_cruz,348.61
2026-06-06 06:15:00,2026-06-06,1,demand,SANTA CRUZ,santa_cruz,350.15
2026-06-06 06:30:00,2026-06-06,1,demand,SANTA CRUZ,santa_cruz,334.69
2026-06-06 06:45:00,2026-06-06,1,demand,SANTA CRUZ,santa_cruz,333.12
2026-06-06 07:00:00,2026-06-06,1,demand,SANTA CRUZ,santa_cruz,340.53
2026-06-06 07:15:00,2026-06-06,1,demand,SANTA CRUZ,santa_cruz,348.3
2026-06-06 07:30:00,2026-06-06,1,demand,SANTA CRUZ,santa_cruz,354.27
2026-06-06 07:45:00,2026-06-06,1,demand,SANTA CRUZ,santa_cruz,364.0
2026-06-06 08:00:00,2026-06-06,1,demand,SANTA CRUZ,santa_cruz,383.56
2026-06-06 08:15:00,2026-06-06,1,demand,SANTA CRUZ,santa_cruz,396.33
2026-06-06 08:30:00,2026-06-06,1,demand,SANTA CRUZ,santa_cruz,412.6
2026-06-06 08:45:00,2026-06-06,1,demand,SANTA CRUZ,santa_cruz,421.55
2026-06-06 09:00:00,2026-06-06,1,demand,SANTA CRUZ,santa_cruz,436.42
2026-06-06 09:15:00,2026-06-06,1,demand,SANTA CRUZ,santa_cruz,443.61
2026-06-06 09:30:00,2026-06-06,1,demand,SANTA CRUZ,santa_cruz,452.4
2026-06-06 09:45:00,2026-06-06,1,demand,SANTA CRUZ,santa_cruz,458.82
2026-06-06 10:00:00,2026-06-06,1,demand,SANTA CRUZ,santa_cruz,468.66
2026-06-06 10:15:00,2026-06-06,1,demand,SANTA CRUZ,santa_cruz,473.98
2026-06-06 10:30:00,2026-06-06,1,demand,SANTA CRUZ,santa_cruz,479.2
2026-06-06 10:45:00,2026-06-06,1,demand,SANTA CRUZ,santa_cruz,487.8
2026-06-06 11:00:00,2026-06-06,1,demand,SANTA CRUZ,santa_cruz,493.02
2026-06-06 11:15:00,2026-06-06,1,demand,SANTA CRUZ,santa_cruz,497.63
2026-06-06 11:30:00,2026-06-06,1,demand,SANTA CRUZ,santa_cruz,498.1
2026-06-06 11:45:00,2026-06-06,1,demand,SANTA CRUZ,santa_cruz,497.81
2026-06-06 12:00:00,2026-06-06,1,demand,SANTA CRUZ,santa_cruz,496.24
2026-06-06 12:15:00,2026-06-06,1,demand,SANTA CRUZ,santa_cruz,494.87
2026-06-06 12:30:00,2026-06-06,1,demand,SANTA CRUZ,santa_cruz,496.65
2026-06-06 12:45:00,2026-06-06,1,demand,SANTA CRUZ,santa_cruz,497.24
2026-06-06 13:00:00,2026-06-06,1,demand,SANTA CRUZ,santa_cruz,499.65
2026-06-06 13:15:00,2026-06-06,1,demand,SANTA CRUZ,santa_cruz,501.38
2026-06-06 13:30:00,2026-06-06,1,demand,SANTA CRUZ,santa_cruz,503.92
2026-06-06 13:45:00,2026-06-06,1,demand,SANTA CRUZ,santa_cruz,504.88
2026-06-06 14:00:00,2026-06-06,1,demand,SANTA CRUZ,santa_cruz,505.93
2026-06-06 14:15:00,2026-06-06,1,demand,SANTA CRUZ,santa_cruz,510.75
2026-06-06 14:30:00,2026-06-06,1,demand,SANTA CRUZ,santa_cruz,512.23
2026-06-06 14:45:00,2026-06-06,1,demand,SANTA CRUZ,santa_cruz,511.82
2026-06-06 15:00:00,2026-06-06,1,demand,SANTA CRUZ,santa_cruz,514.01
2026-06-06 15:15:00,2026-06-06,1,demand,SANTA CRUZ,santa_cruz,514.72
2026-06-06 15:30:00,2026-06-06,1,demand,SANTA CRUZ,santa_cruz,515.35
2026-06-06 15:45:00,2026-06-06,1,demand,SANTA CRUZ,santa_cruz,513.02
2026-06-06 16:00:00,2026-06-06,1,demand,SANTA CRUZ,santa_cruz,513.38
2026-06-06 16:15:00,2026-06-06,1,demand,SANTA CRUZ,santa_cruz,508.75
2026-06-06 16:30:00,2026-06-06,1,demand,SANTA CRUZ,santa_cruz,506.62
2026-06-06 16:45:00,2026-06-06,1,demand,SANTA CRUZ,santa_cruz,502.59
2026-06-06 17:00:00,2026-06-06,1,demand,SANTA CRUZ,santa_cruz,495.07
2026-06-06 17:15:00,2026-06-06,1,demand,SANTA CRUZ,santa_cruz,495.35
2026-06-06 17:30:00,2026-06-06,1,demand,SANTA CRUZ,santa_cruz,494.94
2026-06-06 17:45:00,2026-06-06,1,demand,SANTA CRUZ,santa_cruz,519.16
2026-06-06 18:00:00,2026-06-06,1,demand,SANTA CRUZ,santa_cruz,540.31
2026-06-06 18:15:00,2026-06-06,1,demand,SANTA CRUZ,santa_cruz,541.59
2026-06-06 18:30:00,2026-06-06,1,demand,SANTA CRUZ,santa_cruz,541.58
2026-06-06 18:45:00,2026-06-06,1,demand,SANTA CRUZ,santa_cruz,536.48
2026-06-06 19:00:00,2026-06-06,1,demand,SANTA CRUZ,santa_cruz,536.05
2026-06-06 19:15:00,2026-06-06,1,demand,SANTA CRUZ,santa_cruz,533.35
2026-06-06 19:30:00,2026-06-06,1,demand,SANTA CRUZ,santa_cruz,530.3
2026-06-06 19:45:00,2026-06-06,1,demand,SANTA CRUZ,santa_cruz,524.9
2026-06-06 20:00:00,2026-06-06,1,demand,SANTA CRUZ,santa_cruz,518.49
2026-06-06 20:15:00,2026-06-06,1,demand,SANTA CRUZ,santa_cruz,516.58
2026-06-06 20:30:00,2026-06-06,1,demand,SANTA CRUZ,santa_cruz,514.44
2026-06-06 20:45:00,2026-06-06,1,demand,SANTA CRUZ,santa_cruz,510.79
2026-06-06 21:00:00,2026-06-06,1,demand,SANTA CRUZ,santa_cruz,504.58
2026-06-06 21:15:00,2026-06-06,1,demand,SANTA CRUZ,santa_cruz,500.68
2026-06-06 21:30:00,2026-06-06,1,demand,SANTA CRUZ,santa_cruz,495.56
2026-06-06 21:45:00,2026-06-06,1,demand,SANTA CRUZ,santa_cruz,489.25
2026-06-06 22:00:00,2026-06-06,1,demand,SANTA CRUZ,santa_cruz,481.51
2026-06-06 22:15:00,2026-06-06,1,demand,SANTA CRUZ,santa_cruz,472.85
2026-06-06 22:30:00,2026-06-06,1,demand,SANTA CRUZ,santa_cruz,466.05
2026-06-06 22:45:00,2026-06-06,1,demand,SANTA CRUZ,santa_cruz,456.71
2026-06-06 23:00:00,2026-06-06,1,demand,SANTA CRUZ,santa_cruz,449.48
2026-06-06 23:15:00,2026-06-06,1,demand,SANTA CRUZ,santa_cruz,440.47
2026-06-06 23:30:00,2026-06-06,1,demand,SANTA CRUZ,santa_cruz,
2026-06-06 23:45:00,2026-06-06,1,demand,SANTA CRUZ,santa_cruz,
2026-06-06 00:00:00,2026-06-06,1,demand,LA PAZ,la_paz,181.12
2026-06-06 00:15:00,2026-06-06,1,demand,LA PAZ,la_paz,173.19
2026-06-06 00:30:00,2026-06-06,1,demand,LA PAZ,la_paz,167.83
2026-06-06 00:45:00,2026-06-06,1,demand,LA PAZ,la_paz,162.38
2026-06-06 01:00:00,2026-06-06,1,demand,LA PAZ,la_paz,157.93
2026-06-06 01:15:00,2026-06-06,1,demand,LA PAZ,la_paz,154.86
2026-06-06 01:30:00,2026-06-06,1,demand,LA PAZ,la_paz,150.78
2026-06-06 01:45:00,2026-06-06,1,demand,LA PAZ,la_paz,149.13
2026-06-06 02:00:00,2026-06-06,1,demand,LA PAZ,la_paz,147.01
2026-06-06 02:15:00,2026-06-06,1,demand,LA PAZ,la_paz,144.93
2026-06-06 02:30:00,2026-06-06,1,demand,LA PAZ,la_paz,143.2
2026-06-06 02:45:00,2026-06-06,1,demand,LA PAZ,la_paz,142.08
2026-06-06 03:00:00,2026-06-06,1,demand,LA PAZ,la_paz,140.12
2026-06-06 03:15:00,2026-06-06,1,demand,LA PAZ,la_paz,138.61
2026-06-06 03:30:00,2026-06-06,1,demand,LA PAZ,la_paz,137.51
2026-06-06 03:45:00,2026-06-06,1,demand,LA PAZ,la_paz,137.64
2026-06-06 04:00:00,2026-06-06,1,demand,LA PAZ,la_paz,137.26
2026-06-06 04:15:00,2026-06-06,1,demand,LA PAZ,la_paz,137.83
2026-06-06 04:30:00,2026-06-06,1,demand,LA PAZ,la_paz,138.0
2026-06-06 04:45:00,2026-06-06,1,demand,LA PAZ,la_paz,139.82
2026-06-06 05:00:00,2026-06-06,1,demand,LA PAZ,la_paz,140.95
2026-06-06 05:15:00,2026-06-06,1,demand,LA PAZ,la_paz,141.55
2026-06-06 05:30:00,2026-06-06,1,demand,LA PAZ,la_paz,144.62
2026-06-06 05:45:00,2026-06-06,1,demand,LA PAZ,la_paz,147.54
2026-06-06 06:00:00,2026-06-06,1,demand,LA PAZ,la_paz,152.33
2026-06-06 06:15:00,2026-06-06,1,demand,LA PAZ,la_paz,163.55
2026-06-06 06:30:00,2026-06-06,1,demand,LA PAZ,la_paz,159.48
2026-06-06 06:45:00,2026-06-06,1,demand,LA PAZ,la_paz,154.22
2026-06-06 07:00:00,2026-06-06,1,demand,LA PAZ,la_paz,157.29
2026-06-06 07:15:00,2026-06-06,1,demand,LA PAZ,la_paz,164.06
2026-06-06 07:30:00,2026-06-06,1,demand,LA PAZ,la_paz,170.69
2026-06-06 07:45:00,2026-06-06,1,demand,LA PAZ,la_paz,178.11
2026-06-06 08:00:00,2026-06-06,1,demand,LA PAZ,la_paz,184.02
2026-06-06 08:15:00,2026-06-06,1,demand,LA PAZ,la_paz,192.43
2026-06-06 08:30:00,2026-06-06,1,demand,LA PAZ,la_paz,198.2
2026-06-06 08:45:00,2026-06-06,1,demand,LA PAZ,la_paz,202.7
2026-06-06 09:00:00,2026-06-06,1,demand,LA PAZ,la_paz,210.14
2026-06-06 09:15:00,2026-06-06,1,demand,LA PAZ,la_paz,214.78
2026-06-06 09:30:00,2026-06-06,1,demand,LA PAZ,la_paz,219.05
2026-06-06 09:45:00,2026-06-06,1,demand,LA PAZ,la_paz,221.54
2026-06-06 10:00:00,2026-06-06,1,demand,LA PAZ,la_paz,226.03
2026-06-06 10:15:00,2026-06-06,1,demand,LA PAZ,la_paz,228.27
2026-06-06 10:30:00,2026-06-06,1,demand,LA PAZ,la_paz,230.16
2026-06-06 10:45:00,2026-06-06,1,demand,LA PAZ,la_paz,231.68
2026-06-06 11:00:00,2026-06-06,1,demand,LA PAZ,la_paz,233.59
2026-06-06 11:15:00,2026-06-06,1,demand,LA PAZ,la_paz,235.88
2026-06-06 11:30:00,2026-06-06,1,demand,LA PAZ,la_paz,236.46
2026-06-06 11:45:00,2026-06-06,1,demand,LA PAZ,la_paz,235.79
2026-06-06 12:00:00,2026-06-06,1,demand,LA PAZ,la_paz,237.39
2026-06-06 12:15:00,2026-06-06,1,demand,LA PAZ,la_paz,237.1
2026-06-06 12:30:00,2026-06-06,1,demand,LA PAZ,la_paz,234.65
2026-06-06 12:45:00,2026-06-06,1,demand,LA PAZ,la_paz,232.83
2026-06-06 13:00:00,2026-06-06,1,demand,LA PAZ,la_paz,232.3
2026-06-06 13:15:00,2026-06-06,1,demand,LA PAZ,la_paz,232.33
2026-06-06 13:30:00,2026-06-06,1,demand,LA PAZ,la_paz,232.25
2026-06-06 13:45:00,2026-06-06,1,demand,LA PAZ,la_paz,231.99
2026-06-06 14:00:00,2026-06-06,1,demand,LA PAZ,la_paz,233.13
2026-06-06 14:15:00,2026-06-06,1,demand,LA PAZ,la_paz,234.46
2026-06-06 14:30:00,2026-06-06,1,demand,LA PAZ,la_paz,235.34
2026-06-06 14:45:00,2026-06-06,1,demand,LA PAZ,la_paz,232.08
2026-06-06 15:00:00,2026-06-06,1,demand,LA PAZ,la_paz,231.46
2026-06-06 15:15:00,2026-06-06,1,demand,LA PAZ,la_paz,233.5
2026-06-06 15:30:00,2026-06-06,1,demand,LA PAZ,la_paz,234.51
2026-06-06 15:45:00,2026-06-06,1,demand,LA PAZ,la_paz,234.47
2026-06-06 16:00:00,2026-06-06,1,demand,LA PAZ,la_paz,233.97
2026-06-06 16:15:00,2026-06-06,1,demand,LA PAZ,la_paz,230.01
2026-06-06 16:30:00,2026-06-06,1,demand,LA PAZ,la_paz,231.32
2026-06-06 16:45:00,2026-06-06,1,demand,LA PAZ,la_paz,235.16
2026-06-06 17:00:00,2026-06-06,1,demand,LA PAZ,la_paz,236.07
2026-06-06 17:15:00,2026-06-06,1,demand,LA PAZ,la_paz,239.47
2026-06-06 17:30:00,2026-06-06,1,demand,LA PAZ,la_paz,241.24
2026-06-06 17:45:00,2026-06-06,1,demand,LA PAZ,la_paz,248.14
2026-06-06 18:00:00,2026-06-06,1,demand,LA PAZ,la_paz,263.57
2026-06-06 18:15:00,2026-06-06,1,demand,LA PAZ,la_paz,290.87
2026-06-06 18:30:00,2026-06-06,1,demand,LA PAZ,la_paz,299.02
2026-06-06 18:45:00,2026-06-06,1,demand,LA PAZ,la_paz,302.57
2026-06-06 19:00:00,2026-06-06,1,demand,LA PAZ,la_paz,300.88
2026-06-06 19:15:00,2026-06-06,1,demand,LA PAZ,la_paz,300.06
2026-06-06 19:30:00,2026-06-06,1,demand,LA PAZ,la_paz,299.37
2026-06-06 19:45:00,2026-06-06,1,demand,LA PAZ,la_paz,298.26
2026-06-06 20:00:00,2026-06-06,1,demand,LA PAZ,la_paz,295.53
2026-06-06 20:15:00,2026-06-06,1,demand,LA PAZ,la_paz,290.92
2026-06-06 20:30:00,2026-06-06,1,demand,LA PAZ,la_paz,288.31
2026-06-06 20:45:00,2026-06-06,1,demand,LA PAZ,la_paz,284.79
2026-06-06 21:00:00,2026-06-06,1,demand,LA PAZ,la_paz,277.89
2026-06-06 21:15:00,2026-06-06,1,demand,LA PAZ,la_paz,269.03
2026-06-06 21:30:00,2026-06-06,1,demand,LA PAZ,la_paz,258.6
2026-06-06 21:45:00,2026-06-06,1,demand,LA PAZ,la_paz,250.6
2026-06-06 22:00:00,2026-06-06,1,demand,LA PAZ,la_paz,242.03
2026-06-06 22:15:00,2026-06-06,1,demand,LA PAZ,la_paz,234.29
2026-06-06 22:30:00,2026-06-06,1,demand,LA PAZ,la_paz,227.39
2026-06-06 22:45:00,2026-06-06,1,demand,LA PAZ,la_paz,219.06
2026-06-06 23:00:00,2026-06-06,1,demand,LA PAZ,la_paz,210.76
2026-06-06 23:15:00,2026-06-06,1,demand,LA PAZ,la_paz,203.09
2026-06-06 23:30:00,2026-06-06,1,demand,LA PAZ,la_paz,
2026-06-06 23:45:00,2026-06-06,1,demand,LA PAZ,la_paz,
2026-06-06 00:00:00,2026-06-06,1,demand,COCHABAMBA,cochabamba,166.87
2026-06-06 00:15:00,2026-06-06,1,demand,COCHABAMBA,cochabamba,162.1
2026-06-06 00:30:00,2026-06-06,1,demand,COCHABAMBA,cochabamba,160.84
2026-06-06 00:45:00,2026-06-06,1,demand,COCHABAMBA,cochabamba,155.8
2026-06-06 01:00:00,2026-06-06,1,demand,COCHABAMBA,cochabamba,153.04
2026-06-06 01:15:00,2026-06-06,1,demand,COCHABAMBA,cochabamba,150.09
2026-06-06 01:30:00,2026-06-06,1,demand,COCHABAMBA,cochabamba,148.42
2026-06-06 01:45:00,2026-06-06,1,demand,COCHABAMBA,cochabamba,146.75
2026-06-06 02:00:00,2026-06-06,1,demand,COCHABAMBA,cochabamba,144.6
2026-06-06 02:15:00,2026-06-06,1,demand,COCHABAMBA,cochabamba,144.09
2026-06-06 02:30:00,2026-06-06,1,demand,COCHABAMBA,cochabamba,142.95
2026-06-06 02:45:00,2026-06-06,1,demand,COCHABAMBA,cochabamba,144.73
2026-06-06 03:00:00,2026-06-06,1,demand,COCHABAMBA,cochabamba,141.82
2026-06-06 03:15:00,2026-06-06,1,demand,COCHABAMBA,cochabamba,139.84
2026-06-06 03:30:00,2026-06-06,1,demand,COCHABAMBA,cochabamba,139.87
2026-06-06 03:45:00,2026-06-06,1,demand,COCHABAMBA,cochabamba,139.77
2026-06-06 04:00:00,2026-06-06,1,demand,COCHABAMBA,cochabamba,140.95
2026-06-06 04:15:00,2026-06-06,1,demand,COCHABAMBA,cochabamba,141.8
2026-06-06 04:30:00,2026-06-06,1,demand,COCHABAMBA,cochabamba,141.61
2026-06-06 04:45:00,2026-06-06,1,demand,COCHABAMBA,cochabamba,142.14
2026-06-06 05:00:00,2026-06-06,1,demand,COCHABAMBA,cochabamba,145.91
2026-06-06 05:15:00,2026-06-06,1,demand,COCHABAMBA,cochabamba,150.58
2026-06-06 05:30:00,2026-06-06,1,demand,COCHABAMBA,cochabamba,153.22
2026-06-06 05:45:00,2026-06-06,1,demand,COCHABAMBA,cochabamba,155.47
2026-06-06 06:00:00,2026-06-06,1,demand,COCHABAMBA,cochabamba,160.8
2026-06-06 06:15:00,2026-06-06,1,demand,COCHABAMBA,cochabamba,162.76
2026-06-06 06:30:00,2026-06-06,1,demand,COCHABAMBA,cochabamba,157.39
2026-06-06 06:45:00,2026-06-06,1,demand,COCHABAMBA,cochabamba,155.12
2026-06-06 07:00:00,2026-06-06,1,demand,COCHABAMBA,cochabamba,157.33
2026-06-06 07:15:00,2026-06-06,1,demand,COCHABAMBA,cochabamba,159.82
2026-06-06 07:30:00,2026-06-06,1,demand,COCHABAMBA,cochabamba,163.68
2026-06-06 07:45:00,2026-06-06,1,demand,COCHABAMBA,cochabamba,166.97
2026-06-06 08:00:00,2026-06-06,1,demand,COCHABAMBA,cochabamba,174.02
2026-06-06 08:15:00,2026-06-06,1,demand,COCHABAMBA,cochabamba,176.92
2026-06-06 08:30:00,2026-06-06,1,demand,COCHABAMBA,cochabamba,181.06
2026-06-06 08:45:00,2026-06-06,1,demand,COCHABAMBA,cochabamba,182.63
2026-06-06 09:00:00,2026-06-06,1,demand,COCHABAMBA,cochabamba,187.85
2026-06-06 09:15:00,2026-06-06,1,demand,COCHABAMBA,cochabamba,191.08
2026-06-06 09:30:00,2026-06-06,1,demand,COCHABAMBA,cochabamba,190.43
2026-06-06 09:45:00,2026-06-06,1,demand,COCHABAMBA,cochabamba,193.15
2026-06-06 10:00:00,2026-06-06,1,demand,COCHABAMBA,cochabamba,191.84
2026-06-06 10:15:00,2026-06-06,1,demand,COCHABAMBA,cochabamba,193.61
2026-06-06 10:30:00,2026-06-06,1,demand,COCHABAMBA,cochabamba,193.94
2026-06-06 10:45:00,2026-06-06,1,demand,COCHABAMBA,cochabamba,194.69
2026-06-06 11:00:00,2026-06-06,1,demand,COCHABAMBA,cochabamba,193.48
2026-06-06 11:15:00,2026-06-06,1,demand,COCHABAMBA,cochabamba,195.47
2026-06-06 11:30:00,2026-06-06,1,demand,COCHABAMBA,cochabamba,196.52
2026-06-06 11:45:00,2026-06-06,1,demand,COCHABAMBA,cochabamba,195.41
2026-06-06 12:00:00,2026-06-06,1,demand,COCHABAMBA,cochabamba,193.83
2026-06-06 12:15:00,2026-06-06,1,demand,COCHABAMBA,cochabamba,191.92
2026-06-06 12:30:00,2026-06-06,1,demand,COCHABAMBA,cochabamba,191.26
2026-06-06 12:45:00,2026-06-06,1,demand,COCHABAMBA,cochabamba,190.68
2026-06-06 13:00:00,2026-06-06,1,demand,COCHABAMBA,cochabamba,188.34
2026-06-06 13:15:00,2026-06-06,1,demand,COCHABAMBA,cochabamba,190.92
2026-06-06 13:30:00,2026-06-06,1,demand,COCHABAMBA,cochabamba,193.64
2026-06-06 13:45:00,2026-06-06,1,demand,COCHABAMBA,cochabamba,191.15
2026-06-06 14:00:00,2026-06-06,1,demand,COCHABAMBA,cochabamba,191.79
2026-06-06 14:15:00,2026-06-06,1,demand,COCHABAMBA,cochabamba,194.12
2026-06-06 14:30:00,2026-06-06,1,demand,COCHABAMBA,cochabamba,192.79
2026-06-06 14:45:00,2026-06-06,1,demand,COCHABAMBA,cochabamba,193.93
2026-06-06 15:00:00,2026-06-06,1,demand,COCHABAMBA,cochabamba,196.67
2026-06-06 15:15:00,2026-06-06,1,demand,COCHABAMBA,cochabamba,193.86
2026-06-06 15:30:00,2026-06-06,1,demand,COCHABAMBA,cochabamba,192.86
2026-06-06 15:45:00,2026-06-06,1,demand,COCHABAMBA,cochabamba,192.92
2026-06-06 16:00:00,2026-06-06,1,demand,COCHABAMBA,cochabamba,194.81
2026-06-06 16:15:00,2026-06-06,1,demand,COCHABAMBA,cochabamba,194.41
2026-06-06 16:30:00,2026-06-06,1,demand,COCHABAMBA,cochabamba,196.47
2026-06-06 16:45:00,2026-06-06,1,demand,COCHABAMBA,cochabamba,196.53
2026-06-06 17:00:00,2026-06-06,1,demand,COCHABAMBA,cochabamba,199.76
2026-06-06 17:15:00,2026-06-06,1,demand,COCHABAMBA,cochabamba,197.4
2026-06-06 17:30:00,2026-06-06,1,demand,COCHABAMBA,cochabamba,204.49
2026-06-06 17:45:00,2026-06-06,1,demand,COCHABAMBA,cochabamba,211.45
2026-06-06 18:00:00,2026-06-06,1,demand,COCHABAMBA,cochabamba,234.22
2026-06-06 18:15:00,2026-06-06,1,demand,COCHABAMBA,cochabamba,248.18
2026-06-06 18:30:00,2026-06-06,1,demand,COCHABAMBA,cochabamba,251.17
2026-06-06 18:45:00,2026-06-06,1,demand,COCHABAMBA,cochabamba,251.37
2026-06-06 19:00:00,2026-06-06,1,demand,COCHABAMBA,cochabamba,241.81
2026-06-06 19:15:00,2026-06-06,1,demand,COCHABAMBA,cochabamba,241.73
2026-06-06 19:30:00,2026-06-06,1,demand,COCHABAMBA,cochabamba,240.65
2026-06-06 19:45:00,2026-06-06,1,demand,COCHABAMBA,cochabamba,238.86
2026-06-06 20:00:00,2026-06-06,1,demand,COCHABAMBA,cochabamba,210.53
2026-06-06 20:15:00,2026-06-06,1,demand,COCHABAMBA,cochabamba,227.1
2026-06-06 20:30:00,2026-06-06,1,demand,COCHABAMBA,cochabamba,231.54
2026-06-06 20:45:00,2026-06-06,1,demand,COCHABAMBA,cochabamba,229.35
2026-06-06 21:00:00,2026-06-06,1,demand,COCHABAMBA,cochabamba,224.24
2026-06-06 21:15:00,2026-06-06,1,demand,COCHABAMBA,cochabamba,220.94
2026-06-06 21:30:00,2026-06-06,1,demand,COCHABAMBA,cochabamba,213.97
2026-06-06 21:45:00,2026-06-06,1,demand,COCHABAMBA,cochabamba,208.33
2026-06-06 22:00:00,2026-06-06,1,demand,COCHABAMBA,cochabamba,205.23
2026-06-06 22:15:00,2026-06-06,1,demand,COCHABAMBA,cochabamba,199.95
2026-06-06 22:30:00,2026-06-06,1,demand,COCHABAMBA,cochabamba,192.94
2026-06-06 22:45:00,2026-06-06,1,demand,COCHABAMBA,cochabamba,186.52
2026-06-06 23:00:00,2026-06-06,1,demand,COCHABAMBA,cochabamba,182.13
2026-06-06 23:15:00,2026-06-06,1,demand,COCHABAMBA,cochabamba,176.5
2026-06-06 23:30:00,2026-06-06,1,demand,COCHABAMBA,cochabamba,
2026-06-06 23:45:00,2026-06-06,1,demand,COCHABAMBA,cochabamba,
2026-06-06 00:00:00,2026-06-06,1,demand,POTOSI,potosi,141.38
2026-06-06 00:15:00,2026-06-06,1,demand,POTOSI,potosi,146.21
2026-06-06 00:30:00,2026-06-06,1,demand,POTOSI,potosi,143.63
2026-06-06 00:45:00,2026-06-06,1,demand,POTOSI,potosi,151.45
2026-06-06 01:00:00,2026-06-06,1,demand,POTOSI,potosi,161.07
2026-06-06 01:15:00,2026-06-06,1,demand,POTOSI,potosi,159.51
2026-06-06 01:30:00,2026-06-06,1,demand,POTOSI,potosi,155.98
2026-06-06 01:45:00,2026-06-06,1,demand,POTOSI,potosi,154.96
2026-06-06 02:00:00,2026-06-06,1,demand,POTOSI,potosi,153.43
2026-06-06 02:15:00,2026-06-06,1,demand,POTOSI,potosi,141.57
2026-06-06 02:30:00,2026-06-06,1,demand,POTOSI,potosi,134.69
2026-06-06 02:45:00,2026-06-06,1,demand,POTOSI,potosi,135.83
2026-06-06 03:00:00,2026-06-06,1,demand,POTOSI,potosi,136.68
2026-06-06 03:15:00,2026-06-06,1,demand,POTOSI,potosi,142.32
2026-06-06 03:30:00,2026-06-06,1,demand,POTOSI,potosi,138.7
2026-06-06 03:45:00,2026-06-06,1,demand,POTOSI,potosi,127.93
2026-06-06 04:00:00,2026-06-06,1,demand,POTOSI,potosi,123.37
2026-06-06 04:15:00,2026-06-06,1,demand,POTOSI,potosi,130.87
2026-06-06 04:30:00,2026-06-06,1,demand,POTOSI,potosi,125.36
2026-06-06 04:45:00,2026-06-06,1,demand,POTOSI,potosi,127.6
2026-06-06 05:00:00,2026-06-06,1,demand,POTOSI,potosi,124.98
2026-06-06 05:15:00,2026-06-06,1,demand,POTOSI,potosi,117.41
2026-06-06 05:30:00,2026-06-06,1,demand,POTOSI,potosi,117.58
2026-06-06 05:45:00,2026-06-06,1,demand,POTOSI,potosi,131.14
2026-06-06 06:00:00,2026-06-06,1,demand,POTOSI,potosi,132.22
2026-06-06 06:15:00,2026-06-06,1,demand,POTOSI,potosi,135.72
2026-06-06 06:30:00,2026-06-06,1,demand,POTOSI,potosi,130.05
2026-06-06 06:45:00,2026-06-06,1,demand,POTOSI,potosi,131.33
2026-06-06 07:00:00,2026-06-06,1,demand,POTOSI,potosi,135.75
2026-06-06 07:15:00,2026-06-06,1,demand,POTOSI,potosi,141.6
2026-06-06 07:30:00,2026-06-06,1,demand,POTOSI,potosi,148.11
2026-06-06 07:45:00,2026-06-06,1,demand,POTOSI,potosi,165.81
2026-06-06 08:00:00,2026-06-06,1,demand,POTOSI,potosi,130.33
2026-06-06 08:15:00,2026-06-06,1,demand,POTOSI,potosi,132.52
2026-06-06 08:30:00,2026-06-06,1,demand,POTOSI,potosi,135.59
2026-06-06 08:45:00,2026-06-06,1,demand,POTOSI,potosi,140.94
2026-06-06 09:00:00,2026-06-06,1,demand,POTOSI,potosi,169.81
2026-06-06 09:15:00,2026-06-06,1,demand,POTOSI,potosi,180.42
2026-06-06 09:30:00,2026-06-06,1,demand,POTOSI,potosi,174.8
2026-06-06 09:45:00,2026-06-06,1,demand,POTOSI,potosi,194.56
2026-06-06 10:00:00,2026-06-06,1,demand,POTOSI,potosi,203.73
2026-06-06 10:15:00,2026-06-06,1,demand,POTOSI,potosi,207.48
2026-06-06 10:30:00,2026-06-06,1,demand,POTOSI,potosi,212.29
2026-06-06 10:45:00,2026-06-06,1,demand,POTOSI,potosi,238.74
2026-06-06 11:00:00,2026-06-06,1,demand,POTOSI,potosi,241.42
2026-06-06 11:15:00,2026-06-06,1,demand,POTOSI,potosi,240.28
2026-06-06 11:30:00,2026-06-06,1,demand,POTOSI,potosi,240.31
2026-06-06 11:45:00,2026-06-06,1,demand,POTOSI,potosi,236.62
2026-06-06 12:00:00,2026-06-06,1,demand,POTOSI,potosi,263.95
2026-06-06 12:15:00,2026-06-06,1,demand,POTOSI,potosi,278.59
2026-06-06 12:30:00,2026-06-06,1,demand,POTOSI,potosi,277.91
2026-06-06 12:45:00,2026-06-06,1,demand,POTOSI,potosi,283.82
2026-06-06 13:00:00,2026-06-06,1,demand,POTOSI,potosi,311.56
2026-06-06 13:15:00,2026-06-06,1,demand,POTOSI,potosi,314.34
2026-06-06 13:30:00,2026-06-06,1,demand,POTOSI,potosi,301.95
2026-06-06 13:45:00,2026-06-06,1,demand,POTOSI,potosi,301.9
2026-06-06 14:00:00,2026-06-06,1,demand,POTOSI,potosi,300.61
2026-06-06 14:15:00,2026-06-06,1,demand,POTOSI,potosi,301.16
2026-06-06 14:30:00,2026-06-06,1,demand,POTOSI,potosi,297.36
2026-06-06 14:45:00,2026-06-06,1,demand,POTOSI,potosi,281.86
2026-06-06 15:00:00,2026-06-06,1,demand,POTOSI,potosi,272.04
2026-06-06 15:15:00,2026-06-06,1,demand,POTOSI,potosi,269.19
2026-06-06 15:30:00,2026-06-06,1,demand,POTOSI,potosi,262.35
2026-06-06 15:45:00,2026-06-06,1,demand,POTOSI,potosi,257.03
2026-06-06 16:00:00,2026-06-06,1,demand,POTOSI,potosi,248.21
2026-06-06 16:15:00,2026-06-06,1,demand,POTOSI,potosi,238.82
2026-06-06 16:30:00,2026-06-06,1,demand,POTOSI,potosi,228.57
2026-06-06 16:45:00,2026-06-06,1,demand,POTOSI,potosi,216.78
2026-06-06 17:00:00,2026-06-06,1,demand,POTOSI,potosi,208.78
2026-06-06 17:15:00,2026-06-06,1,demand,POTOSI,potosi,183.07
2026-06-06 17:30:00,2026-06-06,1,demand,POTOSI,potosi,175.31
2026-06-06 17:45:00,2026-06-06,1,demand,POTOSI,potosi,166.35
2026-06-06 18:00:00,2026-06-06,1,demand,POTOSI,potosi,180.2
2026-06-06 18:15:00,2026-06-06,1,demand,POTOSI,potosi,178.77
2026-06-06 18:30:00,2026-06-06,1,demand,POTOSI,potosi,180.92
2026-06-06 18:45:00,2026-06-06,1,demand,POTOSI,potosi,173.39
2026-06-06 19:00:00,2026-06-06,1,demand,POTOSI,potosi,172.64
2026-06-06 19:15:00,2026-06-06,1,demand,POTOSI,potosi,169.12
2026-06-06 19:30:00,2026-06-06,1,demand,POTOSI,potosi,171.48
2026-06-06 19:45:00,2026-06-06,1,demand,POTOSI,potosi,164.84
2026-06-06 20:00:00,2026-06-06,1,demand,POTOSI,potosi,179.16
2026-06-06 20:15:00,2026-06-06,1,demand,POTOSI,potosi,197.98
2026-06-06 20:30:00,2026-06-06,1,demand,POTOSI,potosi,203.04
2026-06-06 20:45:00,2026-06-06,1,demand,POTOSI,potosi,199.15
2026-06-06 21:00:00,2026-06-06,1,demand,POTOSI,potosi,181.86
2026-06-06 21:15:00,2026-06-06,1,demand,POTOSI,potosi,181.45
2026-06-06 21:30:00,2026-06-06,1,demand,POTOSI,potosi,183.45
2026-06-06 21:45:00,2026-06-06,1,demand,POTOSI,potosi,139.55
2026-06-06 22:00:00,2026-06-06,1,demand,POTOSI,potosi,143.13
2026-06-06 22:15:00,2026-06-06,1,demand,POTOSI,potosi,159.33
2026-06-06 22:30:00,2026-06-06,1,demand,POTOSI,potosi,163.76
2026-06-06 22:45:00,2026-06-06,1,demand,POTOSI,potosi,155.74
2026-06-06 23:00:00,2026-06-06,1,demand,POTOSI,potosi,167.39
2026-06-06 23:15:00,2026-06-06,1,demand,POTOSI,potosi,170.83
2026-06-06 23:30:00,2026-06-06,1,demand,POTOSI,potosi,
2026-06-06 23:45:00,2026-06-06,1,demand,POTOSI,potosi,
2026-06-06 00:00:00,2026-06-06,1,demand,ORURO,oruro,68.86
2026-06-06 00:15:00,2026-06-06,1,demand,ORURO,oruro,66.96
2026-06-06 00:30:00,2026-06-06,1,demand,ORURO,oruro,66.96
2026-06-06 00:45:00,2026-06-06,1,demand,ORURO,oruro,66.15
2026-06-06 01:00:00,2026-06-06,1,demand,ORURO,oruro,65.58
2026-06-06 01:15:00,2026-06-06,1,demand,ORURO,oruro,64.39
2026-06-06 01:30:00,2026-06-06,1,demand,ORURO,oruro,64.34
2026-06-06 01:45:00,2026-06-06,1,demand,ORURO,oruro,63.81
2026-06-06 02:00:00,2026-06-06,1,demand,ORURO,oruro,62.3
2026-06-06 02:15:00,2026-06-06,1,demand,ORURO,oruro,62.2
2026-06-06 02:30:00,2026-06-06,1,demand,ORURO,oruro,61.58
2026-06-06 02:45:00,2026-06-06,1,demand,ORURO,oruro,61.02
2026-06-06 03:00:00,2026-06-06,1,demand,ORURO,oruro,59.42
2026-06-06 03:15:00,2026-06-06,1,demand,ORURO,oruro,59.73
2026-06-06 03:30:00,2026-06-06,1,demand,ORURO,oruro,59.74
2026-06-06 03:45:00,2026-06-06,1,demand,ORURO,oruro,59.81
2026-06-06 04:00:00,2026-06-06,1,demand,ORURO,oruro,58.62
2026-06-06 04:15:00,2026-06-06,1,demand,ORURO,oruro,59.4
2026-06-06 04:30:00,2026-06-06,1,demand,ORURO,oruro,58.62
2026-06-06 04:45:00,2026-06-06,1,demand,ORURO,oruro,59.9
2026-06-06 05:00:00,2026-06-06,1,demand,ORURO,oruro,62.21
2026-06-06 05:15:00,2026-06-06,1,demand,ORURO,oruro,61.99
2026-06-06 05:30:00,2026-06-06,1,demand,ORURO,oruro,63.16
2026-06-06 05:45:00,2026-06-06,1,demand,ORURO,oruro,63.61
2026-06-06 06:00:00,2026-06-06,1,demand,ORURO,oruro,63.98
2026-06-06 06:15:00,2026-06-06,1,demand,ORURO,oruro,65.04
2026-06-06 06:30:00,2026-06-06,1,demand,ORURO,oruro,61.57
2026-06-06 06:45:00,2026-06-06,1,demand,ORURO,oruro,60.49
2026-06-06 07:00:00,2026-06-06,1,demand,ORURO,oruro,61.77
2026-06-06 07:15:00,2026-06-06,1,demand,ORURO,oruro,62.62
2026-06-06 07:30:00,2026-06-06,1,demand,ORURO,oruro,62.6
2026-06-06 07:45:00,2026-06-06,1,demand,ORURO,oruro,62.63
2026-06-06 08:00:00,2026-06-06,1,demand,ORURO,oruro,63.74
2026-06-06 08:15:00,2026-06-06,1,demand,ORURO,oruro,65.07
2026-06-06 08:30:00,2026-06-06,1,demand,ORURO,oruro,66.62
2026-06-06 08:45:00,2026-06-06,1,demand,ORURO,oruro,66.5
2026-06-06 09:00:00,2026-06-06,1,demand,ORURO,oruro,69.08
2026-06-06 09:15:00,2026-06-06,1,demand,ORURO,oruro,72.79
2026-06-06 09:30:00,2026-06-06,1,demand,ORURO,oruro,74.01
2026-06-06 09:45:00,2026-06-06,1,demand,ORURO,oruro,72.98
2026-06-06 10:00:00,2026-06-06,1,demand,ORURO,oruro,74.46
2026-06-06 10:15:00,2026-06-06,1,demand,ORURO,oruro,75.82
2026-06-06 10:30:00,2026-06-06,1,demand,ORURO,oruro,74.81
2026-06-06 10:45:00,2026-06-06,1,demand,ORURO,oruro,75.03
2026-06-06 11:00:00,2026-06-06,1,demand,ORURO,oruro,74.48
2026-06-06 11:15:00,2026-06-06,1,demand,ORURO,oruro,77.42
2026-06-06 11:30:00,2026-06-06,1,demand,ORURO,oruro,76.66
2026-06-06 11:45:00,2026-06-06,1,demand,ORURO,oruro,75.94
2026-06-06 12:00:00,2026-06-06,1,demand,ORURO,oruro,73.95
2026-06-06 12:15:00,2026-06-06,1,demand,ORURO,oruro,74.7
2026-06-06 12:30:00,2026-06-06,1,demand,ORURO,oruro,73.52
2026-06-06 12:45:00,2026-06-06,1,demand,ORURO,oruro,73.37
2026-06-06 13:00:00,2026-06-06,1,demand,ORURO,oruro,73.17
2026-06-06 13:15:00,2026-06-06,1,demand,ORURO,oruro,72.54
2026-06-06 13:30:00,2026-06-06,1,demand,ORURO,oruro,73.21
2026-06-06 13:45:00,2026-06-06,1,demand,ORURO,oruro,73.67
2026-06-06 14:00:00,2026-06-06,1,demand,ORURO,oruro,72.65
2026-06-06 14:15:00,2026-06-06,1,demand,ORURO,oruro,74.0
2026-06-06 14:30:00,2026-06-06,1,demand,ORURO,oruro,74.61
2026-06-06 14:45:00,2026-06-06,1,demand,ORURO,oruro,74.89
2026-06-06 15:00:00,2026-06-06,1,demand,ORURO,oruro,75.2
2026-06-06 15:15:00,2026-06-06,1,demand,ORURO,oruro,75.23
2026-06-06 15:30:00,2026-06-06,1,demand,ORURO,oruro,75.76
2026-06-06 15:45:00,2026-06-06,1,demand,ORURO,oruro,74.78
2026-06-06 16:00:00,2026-06-06,1,demand,ORURO,oruro,74.3
2026-06-06 16:15:00,2026-06-06,1,demand,ORURO,oruro,75.12
2026-06-06 16:30:00,2026-06-06,1,demand,ORURO,oruro,73.19
2026-06-06 16:45:00,2026-06-06,1,demand,ORURO,oruro,73.96
2026-06-06 17:00:00,2026-06-06,1,demand,ORURO,oruro,75.25
2026-06-06 17:15:00,2026-06-06,1,demand,ORURO,oruro,76.53
2026-06-06 17:30:00,2026-06-06,1,demand,ORURO,oruro,77.76
2026-06-06 17:45:00,2026-06-06,1,demand,ORURO,oruro,77.03
2026-06-06 18:00:00,2026-06-06,1,demand,ORURO,oruro,83.22
2026-06-06 18:15:00,2026-06-06,1,demand,ORURO,oruro,88.18
2026-06-06 18:30:00,2026-06-06,1,demand,ORURO,oruro,89.51
2026-06-06 18:45:00,2026-06-06,1,demand,ORURO,oruro,89.9
2026-06-06 19:00:00,2026-06-06,1,demand,ORURO,oruro,89.39
2026-06-06 19:15:00,2026-06-06,1,demand,ORURO,oruro,88.63
2026-06-06 19:30:00,2026-06-06,1,demand,ORURO,oruro,88.1
2026-06-06 19:45:00,2026-06-06,1,demand,ORURO,oruro,88.49
2026-06-06 20:00:00,2026-06-06,1,demand,ORURO,oruro,87.35
2026-06-06 20:15:00,2026-06-06,1,demand,ORURO,oruro,86.79
2026-06-06 20:30:00,2026-06-06,1,demand,ORURO,oruro,87.14
2026-06-06 20:45:00,2026-06-06,1,demand,ORURO,oruro,86.59
2026-06-06 21:00:00,2026-06-06,1,demand,ORURO,oruro,85.01
2026-06-06 21:15:00,2026-06-06,1,demand,ORURO,oruro,85.16
2026-06-06 21:30:00,2026-06-06,1,demand,ORURO,oruro,84.92
2026-06-06 21:45:00,2026-06-06,1,demand,ORURO,oruro,83.17
2026-06-06 22:00:00,2026-06-06,1,demand,ORURO,oruro,83.58
2026-06-06 22:15:00,2026-06-06,1,demand,ORURO,oruro,82.17
2026-06-06 22:30:00,2026-06-06,1,demand,ORURO,oruro,80.94
2026-06-06 22:45:00,2026-06-06,1,demand,ORURO,oruro,79.45
2026-06-06 23:00:00,2026-06-06,1,demand,ORURO,oruro,76.45
2026-06-06 23:15:00,2026-06-06,1,demand,ORURO,oruro,74.4
2026-06-06 23:30:00,2026-06-06,1,demand,ORURO,oruro,
2026-06-06 23:45:00,2026-06-06,1,demand,ORURO,oruro,
2026-06-06 00:00:00,2026-06-06,1,demand,TARIJA,tarija,51.69
2026-06-06 00:15:00,2026-06-06,1,demand,TARIJA,tarija,50.96
2026-06-06 00:30:00,2026-06-06,1,demand,TARIJA,tarija,49.64
2026-06-06 00:45:00,2026-06-06,1,demand,TARIJA,tarija,48.72
2026-06-06 01:00:00,2026-06-06,1,demand,TARIJA,tarija,48.14
2026-06-06 01:15:00,2026-06-06,1,demand,TARIJA,tarija,48.57
2026-06-06 01:30:00,2026-06-06,1,demand,TARIJA,tarija,47.93
2026-06-06 01:45:00,2026-06-06,1,demand,TARIJA,tarija,46.74
2026-06-06 02:00:00,2026-06-06,1,demand,TARIJA,tarija,46.48
2026-06-06 02:15:00,2026-06-06,1,demand,TARIJA,tarija,45.39
2026-06-06 02:30:00,2026-06-06,1,demand,TARIJA,tarija,45.23
2026-06-06 02:45:00,2026-06-06,1,demand,TARIJA,tarija,44.93
2026-06-06 03:00:00,2026-06-06,1,demand,TARIJA,tarija,44.35
2026-06-06 03:15:00,2026-06-06,1,demand,TARIJA,tarija,44.39
2026-06-06 03:30:00,2026-06-06,1,demand,TARIJA,tarija,44.47
2026-06-06 03:45:00,2026-06-06,1,demand,TARIJA,tarija,43.42
2026-06-06 04:00:00,2026-06-06,1,demand,TARIJA,tarija,43.71
2026-06-06 04:15:00,2026-06-06,1,demand,TARIJA,tarija,44.92
2026-06-06 04:30:00,2026-06-06,1,demand,TARIJA,tarija,45.15
2026-06-06 04:45:00,2026-06-06,1,demand,TARIJA,tarija,45.49
2026-06-06 05:00:00,2026-06-06,1,demand,TARIJA,tarija,46.01
2026-06-06 05:15:00,2026-06-06,1,demand,TARIJA,tarija,46.64
2026-06-06 05:30:00,2026-06-06,1,demand,TARIJA,tarija,45.52
2026-06-06 05:45:00,2026-06-06,1,demand,TARIJA,tarija,47.59
2026-06-06 06:00:00,2026-06-06,1,demand,TARIJA,tarija,48.63
2026-06-06 06:15:00,2026-06-06,1,demand,TARIJA,tarija,49.0
2026-06-06 06:30:00,2026-06-06,1,demand,TARIJA,tarija,47.78
2026-06-06 06:45:00,2026-06-06,1,demand,TARIJA,tarija,47.47
2026-06-06 07:00:00,2026-06-06,1,demand,TARIJA,tarija,46.64
2026-06-06 07:15:00,2026-06-06,1,demand,TARIJA,tarija,47.11
2026-06-06 07:30:00,2026-06-06,1,demand,TARIJA,tarija,48.49
2026-06-06 07:45:00,2026-06-06,1,demand,TARIJA,tarija,49.66
2026-06-06 08:00:00,2026-06-06,1,demand,TARIJA,tarija,49.78
2026-06-06 08:15:00,2026-06-06,1,demand,TARIJA,tarija,49.76
2026-06-06 08:30:00,2026-06-06,1,demand,TARIJA,tarija,52.18
2026-06-06 08:45:00,2026-06-06,1,demand,TARIJA,tarija,52.93
2026-06-06 09:00:00,2026-06-06,1,demand,TARIJA,tarija,52.71
2026-06-06 09:15:00,2026-06-06,1,demand,TARIJA,tarija,53.57
2026-06-06 09:30:00,2026-06-06,1,demand,TARIJA,tarija,53.56
2026-06-06 09:45:00,2026-06-06,1,demand,TARIJA,tarija,53.48
2026-06-06 10:00:00,2026-06-06,1,demand,TARIJA,tarija,53.8
2026-06-06 10:15:00,2026-06-06,1,demand,TARIJA,tarija,55.81
2026-06-06 10:30:00,2026-06-06,1,demand,TARIJA,tarija,54.93
2026-06-06 10:45:00,2026-06-06,1,demand,TARIJA,tarija,57.5
2026-06-06 11:00:00,2026-06-06,1,demand,TARIJA,tarija,56.31
2026-06-06 11:15:00,2026-06-06,1,demand,TARIJA,tarija,57.68
2026-06-06 11:30:00,2026-06-06,1,demand,TARIJA,tarija,56.46
2026-06-06 11:45:00,2026-06-06,1,demand,TARIJA,tarija,57.98
2026-06-06 12:00:00,2026-06-06,1,demand,TARIJA,tarija,58.02
2026-06-06 12:15:00,2026-06-06,1,demand,TARIJA,tarija,54.52
2026-06-06 12:30:00,2026-06-06,1,demand,TARIJA,tarija,53.56
2026-06-06 12:45:00,2026-06-06,1,demand,TARIJA,tarija,52.82
2026-06-06 13:00:00,2026-06-06,1,demand,TARIJA,tarija,51.7
2026-06-06 13:15:00,2026-06-06,1,demand,TARIJA,tarija,53.47
2026-06-06 13:30:00,2026-06-06,1,demand,TARIJA,tarija,54.06
2026-06-06 13:45:00,2026-06-06,1,demand,TARIJA,tarija,54.47
2026-06-06 14:00:00,2026-06-06,1,demand,TARIJA,tarija,55.04
2026-06-06 14:15:00,2026-06-06,1,demand,TARIJA,tarija,55.28
2026-06-06 14:30:00,2026-06-06,1,demand,TARIJA,tarija,54.8
2026-06-06 14:45:00,2026-06-06,1,demand,TARIJA,tarija,56.57
2026-06-06 15:00:00,2026-06-06,1,demand,TARIJA,tarija,56.56
2026-06-06 15:15:00,2026-06-06,1,demand,TARIJA,tarija,56.73
2026-06-06 15:30:00,2026-06-06,1,demand,TARIJA,tarija,57.31
2026-06-06 15:45:00,2026-06-06,1,demand,TARIJA,tarija,57.72
2026-06-06 16:00:00,2026-06-06,1,demand,TARIJA,tarija,58.49
2026-06-06 16:15:00,2026-06-06,1,demand,TARIJA,tarija,59.08
2026-06-06 16:30:00,2026-06-06,1,demand,TARIJA,tarija,58.69
2026-06-06 16:45:00,2026-06-06,1,demand,TARIJA,tarija,60.06
2026-06-06 17:00:00,2026-06-06,1,demand,TARIJA,tarija,62.03
2026-06-06 17:15:00,2026-06-06,1,demand,TARIJA,tarija,63.23
2026-06-06 17:30:00,2026-06-06,1,demand,TARIJA,tarija,65.21
2026-06-06 17:45:00,2026-06-06,1,demand,TARIJA,tarija,69.96
2026-06-06 18:00:00,2026-06-06,1,demand,TARIJA,tarija,75.64
2026-06-06 18:15:00,2026-06-06,1,demand,TARIJA,tarija,75.92
2026-06-06 18:30:00,2026-06-06,1,demand,TARIJA,tarija,76.65
2026-06-06 18:45:00,2026-06-06,1,demand,TARIJA,tarija,76.71
2026-06-06 19:00:00,2026-06-06,1,demand,TARIJA,tarija,76.19
2026-06-06 19:15:00,2026-06-06,1,demand,TARIJA,tarija,76.23
2026-06-06 19:30:00,2026-06-06,1,demand,TARIJA,tarija,75.49
2026-06-06 19:45:00,2026-06-06,1,demand,TARIJA,tarija,74.87
2026-06-06 20:00:00,2026-06-06,1,demand,TARIJA,tarija,71.61
2026-06-06 20:15:00,2026-06-06,1,demand,TARIJA,tarija,73.06
2026-06-06 20:30:00,2026-06-06,1,demand,TARIJA,tarija,72.16
2026-06-06 20:45:00,2026-06-06,1,demand,TARIJA,tarija,72.01
2026-06-06 21:00:00,2026-06-06,1,demand,TARIJA,tarija,77.56
2026-06-06 21:15:00,2026-06-06,1,demand,TARIJA,tarija,69.75
2026-06-06 21:30:00,2026-06-06,1,demand,TARIJA,tarija,67.35
2026-06-06 21:45:00,2026-06-06,1,demand,TARIJA,tarija,65.31
2026-06-06 22:00:00,2026-06-06,1,demand,TARIJA,tarija,63.35
2026-06-06 22:15:00,2026-06-06,1,demand,TARIJA,tarija,63.26
2026-06-06 22:30:00,2026-06-06,1,demand,TARIJA,tarija,62.87
2026-06-06 22:45:00,2026-06-06,1,demand,TARIJA,tarija,60.54
2026-06-06 23:00:00,2026-06-06,1,demand,TARIJA,tarija,59.69
2026-06-06 23:15:00,2026-06-06,1,demand,TARIJA,tarija,58.01
2026-06-06 23:30:00,2026-06-06,1,demand,TARIJA,tarija,
2026-06-06 23:45:00,2026-06-06,1,demand,TARIJA,tarija,
2026-06-06 00:00:00,2026-06-06,1,demand,CHUQUISACA,chuquisaca,33.6
2026-06-06 00:15:00,2026-06-06,1,demand,CHUQUISACA,chuquisaca,32.32
2026-06-06 00:30:00,2026-06-06,1,demand,CHUQUISACA,chuquisaca,32.49
2026-06-06 00:45:00,2026-06-06,1,demand,CHUQUISACA,chuquisaca,31.59
2026-06-06 01:00:00,2026-06-06,1,demand,CHUQUISACA,chuquisaca,31.0
2026-06-06 01:15:00,2026-06-06,1,demand,CHUQUISACA,chuquisaca,30.64
2026-06-06 01:30:00,2026-06-06,1,demand,CHUQUISACA,chuquisaca,29.97
2026-06-06 01:45:00,2026-06-06,1,demand,CHUQUISACA,chuquisaca,29.55
2026-06-06 02:00:00,2026-06-06,1,demand,CHUQUISACA,chuquisaca,30.1
2026-06-06 02:15:00,2026-06-06,1,demand,CHUQUISACA,chuquisaca,29.86
2026-06-06 02:30:00,2026-06-06,1,demand,CHUQUISACA,chuquisaca,29.32
2026-06-06 02:45:00,2026-06-06,1,demand,CHUQUISACA,chuquisaca,29.09
2026-06-06 03:00:00,2026-06-06,1,demand,CHUQUISACA,chuquisaca,28.94
2026-06-06 03:15:00,2026-06-06,1,demand,CHUQUISACA,chuquisaca,28.57
2026-06-06 03:30:00,2026-06-06,1,demand,CHUQUISACA,chuquisaca,28.54
2026-06-06 03:45:00,2026-06-06,1,demand,CHUQUISACA,chuquisaca,28.23
2026-06-06 04:00:00,2026-06-06,1,demand,CHUQUISACA,chuquisaca,28.11
2026-06-06 04:15:00,2026-06-06,1,demand,CHUQUISACA,chuquisaca,28.56
2026-06-06 04:30:00,2026-06-06,1,demand,CHUQUISACA,chuquisaca,28.6
2026-06-06 04:45:00,2026-06-06,1,demand,CHUQUISACA,chuquisaca,28.6
2026-06-06 05:00:00,2026-06-06,1,demand,CHUQUISACA,chuquisaca,29.2
2026-06-06 05:15:00,2026-06-06,1,demand,CHUQUISACA,chuquisaca,27.86
2026-06-06 05:30:00,2026-06-06,1,demand,CHUQUISACA,chuquisaca,28.35
2026-06-06 05:45:00,2026-06-06,1,demand,CHUQUISACA,chuquisaca,30.04
2026-06-06 06:00:00,2026-06-06,1,demand,CHUQUISACA,chuquisaca,30.68
2026-06-06 06:15:00,2026-06-06,1,demand,CHUQUISACA,chuquisaca,31.59
2026-06-06 06:30:00,2026-06-06,1,demand,CHUQUISACA,chuquisaca,31.21
2026-06-06 06:45:00,2026-06-06,1,demand,CHUQUISACA,chuquisaca,29.85
2026-06-06 07:00:00,2026-06-06,1,demand,CHUQUISACA,chuquisaca,30.03
2026-06-06 07:15:00,2026-06-06,1,demand,CHUQUISACA,chuquisaca,29.34
2026-06-06 07:30:00,2026-06-06,1,demand,CHUQUISACA,chuquisaca,30.4
2026-06-06 07:45:00,2026-06-06,1,demand,CHUQUISACA,chuquisaca,31.15
2026-06-06 08:00:00,2026-06-06,1,demand,CHUQUISACA,chuquisaca,32.91
2026-06-06 08:15:00,2026-06-06,1,demand,CHUQUISACA,chuquisaca,33.76
2026-06-06 08:30:00,2026-06-06,1,demand,CHUQUISACA,chuquisaca,33.64
2026-06-06 08:45:00,2026-06-06,1,demand,CHUQUISACA,chuquisaca,32.81
2026-06-06 09:00:00,2026-06-06,1,demand,CHUQUISACA,chuquisaca,32.69
2026-06-06 09:15:00,2026-06-06,1,demand,CHUQUISACA,chuquisaca,33.52
2026-06-06 09:30:00,2026-06-06,1,demand,CHUQUISACA,chuquisaca,33.68
2026-06-06 09:45:00,2026-06-06,1,demand,CHUQUISACA,chuquisaca,33.54
2026-06-06 10:00:00,2026-06-06,1,demand,CHUQUISACA,chuquisaca,33.88
2026-06-06 10:15:00,2026-06-06,1,demand,CHUQUISACA,chuquisaca,34.26
2026-06-06 10:30:00,2026-06-06,1,demand,CHUQUISACA,chuquisaca,33.77
2026-06-06 10:45:00,2026-06-06,1,demand,CHUQUISACA,chuquisaca,33.56
2026-06-06 11:00:00,2026-06-06,1,demand,CHUQUISACA,chuquisaca,34.41
2026-06-06 11:15:00,2026-06-06,1,demand,CHUQUISACA,chuquisaca,34.36
2026-06-06 11:30:00,2026-06-06,1,demand,CHUQUISACA,chuquisaca,34.45
2026-06-06 11:45:00,2026-06-06,1,demand,CHUQUISACA,chuquisaca,34.25
2026-06-06 12:00:00,2026-06-06,1,demand,CHUQUISACA,chuquisaca,34.48
2026-06-06 12:15:00,2026-06-06,1,demand,CHUQUISACA,chuquisaca,33.43
2026-06-06 12:30:00,2026-06-06,1,demand,CHUQUISACA,chuquisaca,33.7
2026-06-06 12:45:00,2026-06-06,1,demand,CHUQUISACA,chuquisaca,33.49
2026-06-06 13:00:00,2026-06-06,1,demand,CHUQUISACA,chuquisaca,33.83
2026-06-06 13:15:00,2026-06-06,1,demand,CHUQUISACA,chuquisaca,34.25
2026-06-06 13:30:00,2026-06-06,1,demand,CHUQUISACA,chuquisaca,35.92
2026-06-06 13:45:00,2026-06-06,1,demand,CHUQUISACA,chuquisaca,36.52
2026-06-06 14:00:00,2026-06-06,1,demand,CHUQUISACA,chuquisaca,36.72
2026-06-06 14:15:00,2026-06-06,1,demand,CHUQUISACA,chuquisaca,37.8
2026-06-06 14:30:00,2026-06-06,1,demand,CHUQUISACA,chuquisaca,38.33
2026-06-06 14:45:00,2026-06-06,1,demand,CHUQUISACA,chuquisaca,38.91
2026-06-06 15:00:00,2026-06-06,1,demand,CHUQUISACA,chuquisaca,38.63
2026-06-06 15:15:00,2026-06-06,1,demand,CHUQUISACA,chuquisaca,38.96
2026-06-06 15:30:00,2026-06-06,1,demand,CHUQUISACA,chuquisaca,39.04
2026-06-06 15:45:00,2026-06-06,1,demand,CHUQUISACA,chuquisaca,38.97
2026-06-06 16:00:00,2026-06-06,1,demand,CHUQUISACA,chuquisaca,39.51
2026-06-06 16:15:00,2026-06-06,1,demand,CHUQUISACA,chuquisaca,38.42
2026-06-06 16:30:00,2026-06-06,1,demand,CHUQUISACA,chuquisaca,38.97
2026-06-06 16:45:00,2026-06-06,1,demand,CHUQUISACA,chuquisaca,38.02
2026-06-06 17:00:00,2026-06-06,1,demand,CHUQUISACA,chuquisaca,38.1
2026-06-06 17:15:00,2026-06-06,1,demand,CHUQUISACA,chuquisaca,39.31
2026-06-06 17:30:00,2026-06-06,1,demand,CHUQUISACA,chuquisaca,40.52
2026-06-06 17:45:00,2026-06-06,1,demand,CHUQUISACA,chuquisaca,43.94
2026-06-06 18:00:00,2026-06-06,1,demand,CHUQUISACA,chuquisaca,48.26
2026-06-06 18:15:00,2026-06-06,1,demand,CHUQUISACA,chuquisaca,49.2
2026-06-06 18:30:00,2026-06-06,1,demand,CHUQUISACA,chuquisaca,49.11
2026-06-06 18:45:00,2026-06-06,1,demand,CHUQUISACA,chuquisaca,50.24
2026-06-06 19:00:00,2026-06-06,1,demand,CHUQUISACA,chuquisaca,49.9
2026-06-06 19:15:00,2026-06-06,1,demand,CHUQUISACA,chuquisaca,48.72
2026-06-06 19:30:00,2026-06-06,1,demand,CHUQUISACA,chuquisaca,48.33
2026-06-06 19:45:00,2026-06-06,1,demand,CHUQUISACA,chuquisaca,48.29
2026-06-06 20:00:00,2026-06-06,1,demand,CHUQUISACA,chuquisaca,47.34
2026-06-06 20:15:00,2026-06-06,1,demand,CHUQUISACA,chuquisaca,46.8
2026-06-06 20:30:00,2026-06-06,1,demand,CHUQUISACA,chuquisaca,46.47
2026-06-06 20:45:00,2026-06-06,1,demand,CHUQUISACA,chuquisaca,46.09
2026-06-06 21:00:00,2026-06-06,1,demand,CHUQUISACA,chuquisaca,45.58
2026-06-06 21:15:00,2026-06-06,1,demand,CHUQUISACA,chuquisaca,44.74
2026-06-06 21:30:00,2026-06-06,1,demand,CHUQUISACA,chuquisaca,44.19
2026-06-06 21:45:00,2026-06-06,1,demand,CHUQUISACA,chuquisaca,44.09
2026-06-06 22:00:00,2026-06-06,1,demand,CHUQUISACA,chuquisaca,41.3
2026-06-06 22:15:00,2026-06-06,1,demand,CHUQUISACA,chuquisaca,40.09
2026-06-06 22:30:00,2026-06-06,1,demand,CHUQUISACA,chuquisaca,39.02
2026-06-06 22:45:00,2026-06-06,1,demand,CHUQUISACA,chuquisaca,38.58
2026-06-06 23:00:00,2026-06-06,1,demand,CHUQUISACA,chuquisaca,37.4
2026-06-06 23:15:00,2026-06-06,1,demand,CHUQUISACA,chuquisaca,37.34
2026-06-06 23:30:00,2026-06-06,1,demand,CHUQUISACA,chuquisaca,
2026-06-06 23:45:00,2026-06-06,1,demand,CHUQUISACA,chuquisaca,
2026-06-06 00:00:00,2026-06-06,1,demand,BENI,beni,31.38
2026-06-06 00:15:00,2026-06-06,1,demand,BENI,beni,30.66
2026-06-06 00:30:00,2026-06-06,1,demand,BENI,beni,30.41
2026-06-06 00:45:00,2026-06-06,1,demand,BENI,beni,29.29
2026-06-06 01:00:00,2026-06-06,1,demand,BENI,beni,28.53
2026-06-06 01:15:00,2026-06-06,1,demand,BENI,beni,28.57
2026-06-06 01:30:00,2026-06-06,1,demand,BENI,beni,28.62
2026-06-06 01:45:00,2026-06-06,1,demand,BENI,beni,28.0
2026-06-06 02:00:00,2026-06-06,1,demand,BENI,beni,27.51
2026-06-06 02:15:00,2026-06-06,1,demand,BENI,beni,27.36
2026-06-06 02:30:00,2026-06-06,1,demand,BENI,beni,26.81
2026-06-06 02:45:00,2026-06-06,1,demand,BENI,beni,26.73
2026-06-06 03:00:00,2026-06-06,1,demand,BENI,beni,25.88
2026-06-06 03:15:00,2026-06-06,1,demand,BENI,beni,25.67
2026-06-06 03:30:00,2026-06-06,1,demand,BENI,beni,25.36
2026-06-06 03:45:00,2026-06-06,1,demand,BENI,beni,25.31
2026-06-06 04:00:00,2026-06-06,1,demand,BENI,beni,24.97
2026-06-06 04:15:00,2026-06-06,1,demand,BENI,beni,24.45
2026-06-06 04:30:00,2026-06-06,1,demand,BENI,beni,24.26
2026-06-06 04:45:00,2026-06-06,1,demand,BENI,beni,24.45
2026-06-06 05:00:00,2026-06-06,1,demand,BENI,beni,24.54
2026-06-06 05:15:00,2026-06-06,1,demand,BENI,beni,24.22
2026-06-06 05:30:00,2026-06-06,1,demand,BENI,beni,24.09
2026-06-06 05:45:00,2026-06-06,1,demand,BENI,beni,24.16
2026-06-06 06:00:00,2026-06-06,1,demand,BENI,beni,23.88
2026-06-06 06:15:00,2026-06-06,1,demand,BENI,beni,23.78
2026-06-06 06:30:00,2026-06-06,1,demand,BENI,beni,23.09
2026-06-06 06:45:00,2026-06-06,1,demand,BENI,beni,22.61
2026-06-06 07:00:00,2026-06-06,1,demand,BENI,beni,22.38
2026-06-06 07:15:00,2026-06-06,1,demand,BENI,beni,22.63
2026-06-06 07:30:00,2026-06-06,1,demand,BENI,beni,22.57
2026-06-06 07:45:00,2026-06-06,1,demand,BENI,beni,23.21
2026-06-06 08:00:00,2026-06-06,1,demand,BENI,beni,23.62
2026-06-06 08:15:00,2026-06-06,1,demand,BENI,beni,24.11
2026-06-06 08:30:00,2026-06-06,1,demand,BENI,beni,24.75
2026-06-06 08:45:00,2026-06-06,1,demand,BENI,beni,25.43
2026-06-06 09:00:00,2026-06-06,1,demand,BENI,beni,25.31
2026-06-06 09:15:00,2026-06-06,1,demand,BENI,beni,26.2
2026-06-06 09:30:00,2026-06-06,1,demand,BENI,beni,26.13
2026-06-06 09:45:00,2026-06-06,1,demand,BENI,beni,26.78
2026-06-06 10:00:00,2026-06-06,1,demand,BENI,beni,26.97
2026-06-06 10:15:00,2026-06-06,1,demand,BENI,beni,27.43
2026-06-06 10:30:00,2026-06-06,1,demand,BENI,beni,28.84
2026-06-06 10:45:00,2026-06-06,1,demand,BENI,beni,29.55
2026-06-06 11:00:00,2026-06-06,1,demand,BENI,beni,29.94
2026-06-06 11:15:00,2026-06-06,1,demand,BENI,beni,30.02
2026-06-06 11:30:00,2026-06-06,1,demand,BENI,beni,30.71
2026-06-06 11:45:00,2026-06-06,1,demand,BENI,beni,31.16
2026-06-06 12:00:00,2026-06-06,1,demand,BENI,beni,31.46
2026-06-06 12:15:00,2026-06-06,1,demand,BENI,beni,31.11
2026-06-06 12:30:00,2026-06-06,1,demand,BENI,beni,31.65
2026-06-06 12:45:00,2026-06-06,1,demand,BENI,beni,31.69
2026-06-06 13:00:00,2026-06-06,1,demand,BENI,beni,31.73
2026-06-06 13:15:00,2026-06-06,1,demand,BENI,beni,31.66
2026-06-06 13:30:00,2026-06-06,1,demand,BENI,beni,32.36
2026-06-06 13:45:00,2026-06-06,1,demand,BENI,beni,32.5
2026-06-06 14:00:00,2026-06-06,1,demand,BENI,beni,32.76
2026-06-06 14:15:00,2026-06-06,1,demand,BENI,beni,33.03
2026-06-06 14:30:00,2026-06-06,1,demand,BENI,beni,33.49
2026-06-06 14:45:00,2026-06-06,1,demand,BENI,beni,33.8
2026-06-06 15:00:00,2026-06-06,1,demand,BENI,beni,33.94
2026-06-06 15:15:00,2026-06-06,1,demand,BENI,beni,34.06
2026-06-06 15:30:00,2026-06-06,1,demand,BENI,beni,34.02
2026-06-06 15:45:00,2026-06-06,1,demand,BENI,beni,34.27
2026-06-06 16:00:00,2026-06-06,1,demand,BENI,beni,34.41
2026-06-06 16:15:00,2026-06-06,1,demand,BENI,beni,34.45
2026-06-06 16:30:00,2026-06-06,1,demand,BENI,beni,34.26
2026-06-06 16:45:00,2026-06-06,1,demand,BENI,beni,33.65
2026-06-06 17:00:00,2026-06-06,1,demand,BENI,beni,33.69
2026-06-06 17:15:00,2026-06-06,1,demand,BENI,beni,32.94
2026-06-06 17:30:00,2026-06-06,1,demand,BENI,beni,33.67
2026-06-06 17:45:00,2026-06-06,1,demand,BENI,beni,34.52
2026-06-06 18:00:00,2026-06-06,1,demand,BENI,beni,37.43
2026-06-06 18:15:00,2026-06-06,1,demand,BENI,beni,39.62
2026-06-06 18:30:00,2026-06-06,1,demand,BENI,beni,40.6
2026-06-06 18:45:00,2026-06-06,1,demand,BENI,beni,40.43
2026-06-06 19:00:00,2026-06-06,1,demand,BENI,beni,41.05
2026-06-06 19:15:00,2026-06-06,1,demand,BENI,beni,40.71
2026-06-06 19:30:00,2026-06-06,1,demand,BENI,beni,40.54
2026-06-06 19:45:00,2026-06-06,1,demand,BENI,beni,40.7
2026-06-06 20:00:00,2026-06-06,1,demand,BENI,beni,40.05
2026-06-06 20:15:00,2026-06-06,1,demand,BENI,beni,39.99
2026-06-06 20:30:00,2026-06-06,1,demand,BENI,beni,40.14
2026-06-06 20:45:00,2026-06-06,1,demand,BENI,beni,39.97
2026-06-06 21:00:00,2026-06-06,1,demand,BENI,beni,38.96
2026-06-06 21:15:00,2026-06-06,1,demand,BENI,beni,38.93
2026-06-06 21:30:00,2026-06-06,1,demand,BENI,beni,38.51
2026-06-06 21:45:00,2026-06-06,1,demand,BENI,beni,37.95
2026-06-06 22:00:00,2026-06-06,1,demand,BENI,beni,37.67
2026-06-06 22:15:00,2026-06-06,1,demand,BENI,beni,37.22
2026-06-06 22:30:00,2026-06-06,1,demand,BENI,beni,37.1
2026-06-06 22:45:00,2026-06-06,1,demand,BENI,beni,35.92
2026-06-06 23:00:00,2026-06-06,1,demand,BENI,beni,35.3
2026-06-06 23:15:00,2026-06-06,1,demand,BENI,beni,34.61
2026-06-06 23:30:00,2026-06-06,1,demand,BENI,beni,
2026-06-06 23:45:00,2026-06-06,1,demand,BENI,beni,
