timestamp,date,source_code,dataset,series_code,series,value_mw
2026-06-06 00:00:00,2026-06-06,0,generation,PREV,prev,1080.22
2026-06-06 00:15:00,2026-06-06,0,generation,PREV,prev,1080.22
2026-06-06 00:30:00,2026-06-06,0,generation,PREV,prev,1080.22
2026-06-06 00:45:00,2026-06-06,0,generation,PREV,prev,1088.12
2026-06-06 01:00:00,2026-06-06,0,generation,PREV,prev,1088.12
2026-06-06 01:15:00,2026-06-06,0,generation,PREV,prev,1088.12
2026-06-06 01:30:00,2026-06-06,0,generation,PREV,prev,1088.12
2026-06-06 01:45:00,2026-06-06,0,generation,PREV,prev,1041.74
2026-06-06 02:00:00,2026-06-06,0,generation,PREV,prev,1041.74
2026-06-06 02:15:00,2026-06-06,0,generation,PREV,prev,1041.74
2026-06-06 02:30:00,2026-06-06,0,generation,PREV,prev,1041.74
2026-06-06 02:45:00,2026-06-06,0,generation,PREV,prev,1013.48
2026-06-06 03:00:00,2026-06-06,0,generation,PREV,prev,1013.48
2026-06-06 03:15:00,2026-06-06,0,generation,PREV,prev,1013.48
2026-06-06 03:30:00,2026-06-06,0,generation,PREV,prev,1013.48
2026-06-06 03:45:00,2026-06-06,0,generation,PREV,prev,1001.02
2026-06-06 04:00:00,2026-06-06,0,generation,PREV,prev,1001.02
2026-06-06 04:15:00,2026-06-06,0,generation,PREV,prev,1001.02
2026-06-06 04:30:00,2026-06-06,0,generation,PREV,prev,1001.02
2026-06-06 04:45:00,2026-06-06,0,generation,PREV,prev,1010.91
2026-06-06 05:00:00,2026-06-06,0,generation,PREV,prev,1010.91
2026-06-06 05:15:00,2026-06-06,0,generation,PREV,prev,1010.91
2026-06-06 05:30:00,2026-06-06,0,generation,PREV,prev,1010.91
2026-06-06 05:45:00,2026-06-06,0,generation,PREV,prev,1046.74
2026-06-06 06:00:00,2026-06-06,0,generation,PREV,prev,1046.74
2026-06-06 06:15:00,2026-06-06,0,generation,PREV,prev,1046.74
2026-06-06 06:30:00,2026-06-06,0,generation,PREV,prev,1046.74
2026-06-06 06:45:00,2026-06-06,0,generation,PREV,prev,1030.97
2026-06-06 07:00:00,2026-06-06,0,generation,PREV,prev,1030.97
2026-06-06 07:15:00,2026-06-06,0,generation,PREV,prev,1030.97
2026-06-06 07:30:00,2026-06-06,0,generation,PREV,prev,1030.97
2026-06-06 07:45:00,2026-06-06,0,generation,PREV,prev,1121.35
2026-06-06 08:00:00,2026-06-06,0,generation,PREV,prev,1121.35
2026-06-06 08:15:00,2026-06-06,0,generation,PREV,prev,1121.35
2026-06-06 08:30:00,2026-06-06,0,generation,PREV,prev,1121.35
2026-06-06 08:45:00,2026-06-06,0,generation,PREV,prev,1229.13
2026-06-06 09:00:00,2026-06-06,0,generation,PREV,prev,1229.13
2026-06-06 09:15:00,2026-06-06,0,generation,PREV,prev,1229.13
2026-06-06 09:30:00,2026-06-06,0,generation,PREV,prev,1229.13
2026-06-06 09:45:00,2026-06-06,0,generation,PREV,prev,1281.71
2026-06-06 10:00:00,2026-06-06,0,generation,PREV,prev,1281.71
2026-06-06 10:15:00,2026-06-06,0,generation,PREV,prev,1281.71
2026-06-06 10:30:00,2026-06-06,0,generation,PREV,prev,1281.71
2026-06-06 10:45:00,2026-06-06,0,generation,PREV,prev,1305.91
2026-06-06 11:00:00,2026-06-06,0,generation,PREV,prev,1305.91
2026-06-06 11:15:00,2026-06-06,0,generation,PREV,prev,1305.91
2026-06-06 11:30:00,2026-06-06,0,generation,PREV,prev,1305.91
2026-06-06 11:45:00,2026-06-06,0,generation,PREV,prev,1300.38
2026-06-06 12:00:00,2026-06-06,0,generation,PREV,prev,1300.38
2026-06-06 12:15:00,2026-06-06,0,generation,PREV,prev,1300.38
2026-06-06 12:30:00,2026-06-06,0,generation,PREV,prev,1300.38
2026-06-06 12:45:00,2026-06-06,0,generation,PREV,prev,1266.16
2026-06-06 13:00:00,2026-06-06,0,generation,PREV,prev,1266.16
2026-06-06 13:15:00,2026-06-06,0,generation,PREV,prev,1266.16
2026-06-06 13:30:00,2026-06-06,0,generation,PREV,prev,1266.16
2026-06-06 13:45:00,2026-06-06,0,generation,PREV,prev,1263.49
2026-06-06 14:00:00,2026-06-06,0,generation,PREV,prev,1263.49
2026-06-06 14:15:00,2026-06-06,0,generation,PREV,prev,1263.49
2026-06-06 14:30:00,2026-06-06,0,generation,PREV,prev,1263.49
2026-06-06 14:45:00,2026-06-06,0,generation,PREV,prev,1267.01
2026-06-06 15:00:00,2026-06-06,0,generation,PREV,prev,1267.01
2026-06-06 15:15:00,2026-06-06,0,generation,PREV,prev,1267.01
2026-06-06 15:30:00,2026-06-06,0,generation,PREV,prev,1267.01
2026-06-06 15:45:00,2026-06-06,0,generation,PREV,prev,1271.84
2026-06-06 16:00:00,2026-06-06,0,generation,PREV,prev,1271.84
2026-06-06 16:15:00,2026-06-06,0,generation,PREV,prev,1271.84
2026-06-06 16:30:00,2026-06-06,0,generation,PREV,prev,1271.84
2026-06-06 16:45:00,2026-06-06,0,generation,PREV,prev,1270.86
2026-06-06 17:00:00,2026-06-06,0,generation,PREV,prev,1270.86
2026-06-06 17:15:00,2026-06-06,0,generation,PREV,prev,1270.86
2026-06-06 17:30:00,2026-06-06,0,generation,PREV,prev,1270.86
2026-06-06 17:45:00,2026-06-06,0,generation,PREV,prev,1370.14
2026-06-06 18:00:00,2026-06-06,0,generation,PREV,prev,1370.14
2026-06-06 18:15:00,2026-06-06,0,generation,PREV,prev,1370.14
2026-06-06 18:30:00,2026-06-06,0,generation,PREV,prev,1370.14
2026-06-06 18:45:00,2026-06-06,0,generation,PREV,prev,1506.91
2026-06-06 19:00:00,2026-06-06,0,generation,PREV,prev,1506.91
2026-06-06 19:15:00,2026-06-06,0,generation,PREV,prev,1506.91
2026-06-06 19:30:00,2026-06-06,0,generation,PREV,prev,1506.91
2026-06-06 19:45:00,2026-06-06,0,generation,PREV,prev,1484.99
2026-06-06 20:00:00,2026-06-06,0,generation,PREV,prev,1484.99
2026-06-06 20:15:00,2026-06-06,0,generation,PREV,prev,1484.99
2026-06-06 20:30:00,2026-06-06,0,generation,PREV,prev,1484.99
2026-06-06 20:45:00,2026-06-06,0,generation,PREV,prev,1429.2
2026-06-06 21:00:00,2026-06-06,0,generation,PREV,prev,1429.2
2026-06-06 21:15:00,2026-06-06,0,generation,PREV,prev,1429.2
2026-06-06 21:30:00,2026-06-06,0,generation,PREV,prev,1429.2
2026-06-06 21:45:00,2026-06-06,0,generation,PREV,prev,1339.88
2026-06-06 22:00:00,2026-06-06,0,generation,PREV,prev,1339.88
2026-06-06 22:15:00,2026-06-06,0,generation,PREV,prev,1339.88
2026-06-06 22:30:00,2026-06-06,0,generation,PREV,prev,1339.88
2026-06-06 22:45:00,2026-06-06,0,generation,PREV,prev,1221.97
2026-06-06 23:00:00,2026-06-06,0,generation,PREV,prev,1221.97
2026-06-06 23:15:00,2026-06-06,0,generation,PREV,prev,1221.97
2026-06-06 23:30:00,2026-06-06,0,generation,PREV,prev,1221.97
2026-06-06 23:45:00,2026-06-06,0,generation,PREV,prev,1118.23
2026-06-06 00:00:00,2026-06-06,0,generation,TOT,tot,1092.32
2026-06-06 00:15:00,2026-06-06,0,generation,TOT,tot,1070.81
2026-06-06 00:30:00,2026-06-06,0,generation,TOT,tot,1052.88
2026-06-06 00:45:00,2026-06-06,0,generation,TOT,tot,1029.13
2026-06-06 01:00:00,2026-06-06,0,generation,TOT,tot,1015.32
2026-06-06 01:15:00,2026-06-06,0,generation,TOT,tot,1003.32
2026-06-06 01:30:00,2026-06-06,0,generation,TOT,tot,992.12
2026-06-06 01:45:00,2026-06-06,0,generation,TOT,tot,980.48
2026-06-06 02:00:00,2026-06-06,0,generation,TOT,tot,970.95
2026-06-06 02:15:00,2026-06-06,0,generation,TOT,tot,963.19
2026-06-06 02:30:00,2026-06-06,0,generation,TOT,tot,954.44
2026-06-06 02:45:00,2026-06-06,0,generation,TOT,tot,950.18
2026-06-06 03:00:00,2026-06-06,0,generation,TOT,tot,943.38
2026-06-06 03:15:00,2026-06-06,0,generation,TOT,tot,936.55
2026-06-06 03:30:00,2026-06-06,0,generation,TOT,tot,932.1
2026-06-06 03:45:00,2026-06-06,0,generation,TOT,tot,926.87
2026-06-06 04:00:00,2026-06-06,0,generation,TOT,tot,924.49
2026-06-06 04:15:00,2026-06-06,0,generation,TOT,tot,927.71
2026-06-06 04:30:00,2026-06-06,0,generation,TOT,tot,924.42
2026-06-06 04:45:00,2026-06-06,0,generation,TOT,tot,929.8
2026-06-06 05:00:00,2026-06-06,0,generation,TOT,tot,942.06
2026-06-06 05:15:00,2026-06-06,0,generation,TOT,tot,949.58
2026-06-06 05:30:00,2026-06-06,0,generation,TOT,tot,955.29
2026-06-06 05:45:00,2026-06-06,0,generation,TOT,tot,964.49
2026-06-06 06:00:00,2026-06-06,0,generation,TOT,tot,978.33
2026-06-06 06:15:00,2026-06-06,0,generation,TOT,tot,994.5
2026-06-06 06:30:00,2026-06-06,0,generation,TOT,tot,960.57
2026-06-06 06:45:00,2026-06-06,0,generation,TOT,tot,945.73
2026-06-06 07:00:00,2026-06-06,0,generation,TOT,tot,959.66
2026-06-06 07:15:00,2026-06-06,0,generation,TOT,tot,979.32
2026-06-06 07:30:00,2026-06-06,0,generation,TOT,tot,996.26
2026-06-06 07:45:00,2026-06-06,0,generation,TOT,tot,1021.06
2026-06-06 08:00:00,2026-06-06,0,generation,TOT,tot,1059.96
2026-06-06 08:15:00,2026-06-06,0,generation,TOT,tot,1086.61
2026-06-06 08:30:00,2026-06-06,0,generation,TOT,tot,1117.13
2026-06-06 08:45:00,2026-06-06,0,generation,TOT,tot,1132.46
2026-06-06 09:00:00,2026-06-06,0,generation,TOT,tot,1163.69
2026-06-06 09:15:00,2026-06-06,0,generation,TOT,tot,1188.44
2026-06-06 09:30:00,2026-06-06,0,generation,TOT,tot,1201.8
2026-06-06 09:45:00,2026-06-06,0,generation,TOT,tot,1215.12
2026-06-06 10:00:00,2026-06-06,0,generation,TOT,tot,1230.08
2026-06-06 10:15:00,2026-06-06,0,generation,TOT,tot,1243.05
2026-06-06 10:30:00,2026-06-06,0,generation,TOT,tot,1250.21
2026-06-06 10:45:00,2026-06-06,0,generation,TOT,tot,1267.43
2026-06-06 11:00:00,2026-06-06,0,generation,TOT,tot,1274.81
2026-06-06 11:15:00,2026-06-06,0,generation,TOT,tot,1287.55
2026-06-06 11:30:00,2026-06-06,0,generation,TOT,tot,1287.76
2026-06-06 11:45:00,2026-06-06,0,generation,TOT,tot,1286.62
2026-06-06 12:00:00,2026-06-06,0,generation,TOT,tot,1283.76
2026-06-06 12:15:00,2026-06-06,0,generation,TOT,tot,1277.23
2026-06-06 12:30:00,2026-06-06,0,generation,TOT,tot,1272.09
2026-06-06 12:45:00,2026-06-06,0,generation,TOT,tot,1270.92
2026-06-06 13:00:00,2026-06-06,0,generation,TOT,tot,1272.72
2026-06-06 13:15:00,2026-06-06,0,generation,TOT,tot,1278.22
2026-06-06 13:30:00,2026-06-06,0,generation,TOT,tot,1288.47
2026-06-06 13:45:00,2026-06-06,0,generation,TOT,tot,1288.74
2026-06-06 14:00:00,2026-06-06,0,generation,TOT,tot,1290.09
2026-06-06 14:15:00,2026-06-06,0,generation,TOT,tot,1302.26
2026-06-06 14:30:00,2026-06-06,0,generation,TOT,tot,1303.6
2026-06-06 14:45:00,2026-06-06,0,generation,TOT,tot,1303.6
2026-06-06 15:00:00,2026-06-06,0,generation,TOT,tot,1307.7
2026-06-06 15:15:00,2026-06-06,0,generation,TOT,tot,1308.46
2026-06-06 15:30:00,2026-06-06,0,generation,TOT,tot,1309.55
2026-06-06 15:45:00,2026-06-06,0,generation,TOT,tot,1306.1
2026-06-06 16:00:00,2026-06-06,0,generation,TOT,tot,1305.15
2026-06-06 16:15:00,2026-06-06,0,generation,TOT,tot,1295.72
2026-06-06 16:30:00,2026-06-06,0,generation,TOT,tot,1295.79
2026-06-06 16:45:00,2026-06-06,0,generation,TOT,tot,1296.51
2026-06-06 17:00:00,2026-06-06,0,generation,TOT,tot,1296.26
2026-06-06 17:15:00,2026-06-06,0,generation,TOT,tot,1301.41
2026-06-06 17:30:00,2026-06-06,0,generation,TOT,tot,1316.44
2026-06-06 17:45:00,2026-06-06,0,generation,TOT,tot,1365.83
2026-06-06 18:00:00,2026-06-06,0,generation,TOT,tot,1453.62
2026-06-06 18:15:00,2026-06-06,0,generation,TOT,tot,1507.52
2026-06-06 18:30:00,2026-06-06,0,generation,TOT,tot,1522.57
2026-06-06 18:45:00,2026-06-06,0,generation,TOT,tot,1524.52
2026-06-06 19:00:00,2026-06-06,0,generation,TOT,tot,1513.02
2026-06-06 19:15:00,2026-06-06,0,generation,TOT,tot,1506.81
2026-06-06 19:30:00,2026-06-06,0,generation,TOT,tot,1498.79
2026-06-06 19:45:00,2026-06-06,0,generation,TOT,tot,1491.49
2026-06-06 20:00:00,2026-06-06,0,generation,TOT,tot,1447.11
2026-06-06 20:15:00,2026-06-06,0,generation,TOT,tot,1454.87
2026-06-06 20:30:00,2026-06-06,0,generation,TOT,tot,1450.82
2026-06-06 20:45:00,2026-06-06,0,generation,TOT,tot,1438.09
2026-06-06 21:00:00,2026-06-06,0,generation,TOT,tot,1422.67
2026-06-06 21:15:00,2026-06-06,0,generation,TOT,tot,1397.57
2026-06-06 21:30:00,2026-06-06,0,generation,TOT,tot,1369.3
2026-06-06 21:45:00,2026-06-06,0,generation,TOT,tot,1342.32
2026-06-06 22:00:00,2026-06-06,0,generation,TOT,tot,1317.83
2026-06-06 22:15:00,2026-06-06,0,generation,TOT,tot,1292.58
2026-06-06 22:30:00,2026-06-06,0,generation,TOT,tot,1267.36
2026-06-06 22:45:00,2026-06-06,0,generation,TOT,tot,1235.86
2026-06-06 23:00:00,2026-06-06,0,generation,TOT,tot,1208.43
2026-06-06 23:15:00,2026-06-06,0,generation,TOT,tot,1177.9
2026-06-06 23:30:00,2026-06-06,0,generation,TOT,tot,1151.5
2026-06-06 23:45:00,2026-06-06,0,generation,TOT,tot,
2026-06-06 00:00:00,2026-06-06,0,generation,TERMO,termo,774.53
2026-06-06 00:15:00,2026-06-06,0,generation,TERMO,termo,780.16
2026-06-06 00:30:00,2026-06-06,0,generation,TERMO,termo,769.92
2026-06-06 00:45:00,2026-06-06,0,generation,TERMO,termo,763.88
2026-06-06 01:00:00,2026-06-06,0,generation,TERMO,termo,775.21
2026-06-06 01:15:00,2026-06-06,0,generation,TERMO,termo,766.87
2026-06-06 01:30:00,2026-06-06,0,generation,TERMO,termo,759.71
2026-06-06 01:45:00,2026-06-06,0,generation,TERMO,termo,754.29
2026-06-06 02:00:00,2026-06-06,0,generation,TERMO,termo,749.71
2026-06-06 02:15:00,2026-06-06,0,generation,TERMO,termo,744.99
2026-06-06 02:30:00,2026-06-06,0,generation,TERMO,termo,741.58
2026-06-06 02:45:00,2026-06-06,0,generation,TERMO,termo,740.06
2026-06-06 03:00:00,2026-06-06,0,generation,TERMO,termo,737.28
2026-06-06 03:15:00,2026-06-06,0,generation,TERMO,termo,728.42
2026-06-06 03:30:00,2026-06-06,0,generation,TERMO,termo,722.16
2026-06-06 03:45:00,2026-06-06,0,generation,TERMO,termo,715.71
2026-06-06 04:00:00,2026-06-06,0,generation,TERMO,termo,696.71
2026-06-06 04:15:00,2026-06-06,0,generation,TERMO,termo,720.44
2026-06-06 04:30:00,2026-06-06,0,generation,TERMO,termo,728.48
2026-06-06 04:45:00,2026-06-06,0,generation,TERMO,termo,738.01
2026-06-06 05:00:00,2026-06-06,0,generation,TERMO,termo,775.38
2026-06-06 05:15:00,2026-06-06,0,generation,TERMO,termo,785.72
2026-06-06 05:30:00,2026-06-06,0,generation,TERMO,termo,792.87
2026-06-06 05:45:00,2026-06-06,0,generation,TERMO,termo,805.39
2026-06-06 06:00:00,2026-06-06,0,generation,TERMO,termo,815.29
2026-06-06 06:15:00,2026-06-06,0,generation,TERMO,termo,823.44
2026-06-06 06:30:00,2026-06-06,0,generation,TERMO,termo,804.37
2026-06-06 06:45:00,2026-06-06,0,generation,TERMO,termo,800.78
2026-06-06 07:00:00,2026-06-06,0,generation,TERMO,termo,809.37
2026-06-06 07:15:00,2026-06-06,0,generation,TERMO,termo,815.71
2026-06-06 07:30:00,2026-06-06,0,generation,TERMO,termo,821.09
2026-06-06 07:45:00,2026-06-06,0,generation,TERMO,termo,826.56
2026-06-06 08:00:00,2026-06-06,0,generation,TERMO,termo,807.88
2026-06-06 08:15:00,2026-06-06,0,generation,TERMO,termo,823.27
2026-06-06 08:30:00,2026-06-06,0,generation,TERMO,termo,835.86
2026-06-06 08:45:00,2026-06-06,0,generation,TERMO,termo,835.45
2026-06-06 09:00:00,2026-06-06,0,generation,TERMO,termo,853.07
2026-06-06 09:15:00,2026-06-06,0,generation,TERMO,termo,866.62
2026-06-06 09:30:00,2026-06-06,0,generation,TERMO,termo,844.72
2026-06-06 09:45:00,2026-06-06,0,generation,TERMO,termo,846.03
2026-06-06 10:00:00,2026-06-06,0,generation,TERMO,termo,851.2
2026-06-06 10:15:00,2026-06-06,0,generation,TERMO,termo,855.69
2026-06-06 10:30:00,2026-06-06,0,generation,TERMO,termo,858.87
2026-06-06 10:45:00,2026-06-06,0,generation,TERMO,termo,865.7
2026-06-06 11:00:00,2026-06-06,0,generation,TERMO,termo,866.36
2026-06-06 11:15:00,2026-06-06,0,generation,TERMO,termo,863.95
2026-06-06 11:30:00,2026-06-06,0,generation,TERMO,termo,860.01
2026-06-06 11:45:00,2026-06-06,0,generation,TERMO,termo,853.49
2026-06-06 12:00:00,2026-06-06,0,generation,TERMO,termo,868.74
2026-06-06 12:15:00,2026-06-06,0,generation,TERMO,termo,876.38
2026-06-06 12:30:00,2026-06-06,0,generation,TERMO,termo,872.75
2026-06-06 12:45:00,2026-06-06,0,generation,TERMO,termo,882.02
2026-06-06 13:00:00,2026-06-06,0,generation,TERMO,termo,889.76
2026-06-06 13:15:00,2026-06-06,0,generation,TERMO,termo,900.07
2026-06-06 13:30:00,2026-06-06,0,generation,TERMO,termo,888.19
2026-06-06 13:45:00,2026-06-06,0,generation,TERMO,termo,891.49
2026-06-06 14:00:00,2026-06-06,0,generation,TERMO,termo,894.34
2026-06-06 14:15:00,2026-06-06,0,generation,TERMO,termo,902.34
2026-06-06 14:30:00,2026-06-06,0,generation,TERMO,termo,902.34
2026-06-06 14:45:00,2026-06-06,0,generation,TERMO,termo,884.75
2026-06-06 15:00:00,2026-06-06,0,generation,TERMO,termo,878.41
2026-06-06 15:15:00,2026-06-06,0,generation,TERMO,termo,883.27
2026-06-06 15:30:00,2026-06-06,0,generation,TERMO,termo,882.89
2026-06-06 15:45:00,2026-06-06,0,generation,TERMO,termo,885.83
2026-06-06 16:00:00,2026-06-06,0,generation,TERMO,termo,882.52
2026-06-06 16:15:00,2026-06-06,0,generation,TERMO,termo,883.18
2026-06-06 16:30:00,2026-06-06,0,generation,TERMO,termo,881.77
2026-06-06 16:45:00,2026-06-06,0,generation,TERMO,termo,896.77
2026-06-06 17:00:00,2026-06-06,0,generation,TERMO,termo,904.6
2026-06-06 17:15:00,2026-06-06,0,generation,TERMO,termo,911.27
2026-06-06 17:30:00,2026-06-06,0,generation,TERMO,termo,916.03
2026-06-06 17:45:00,2026-06-06,0,generation,TERMO,termo,919.04
2026-06-06 18:00:00,2026-06-06,0,generation,TERMO,termo,961.88
2026-06-06 18:15:00,2026-06-06,0,generation,TERMO,termo,965.73
2026-06-06 18:30:00,2026-06-06,0,generation,TERMO,termo,980.28
2026-06-06 18:45:00,2026-06-06,0,generation,TERMO,termo,971.14
2026-06-06 19:00:00,2026-06-06,0,generation,TERMO,termo,969.73
2026-06-06 19:15:00,2026-06-06,0,generation,TERMO,termo,963.35
2026-06-06 19:30:00,2026-06-06,0,generation,TERMO,termo,963.26
2026-06-06 19:45:00,2026-06-06,0,generation,TERMO,termo,952.46
2026-06-06 20:00:00,2026-06-06,0,generation,TERMO,termo,968.21
2026-06-06 20:15:00,2026-06-06,0,generation,TERMO,termo,1005.29
2026-06-06 20:30:00,2026-06-06,0,generation,TERMO,termo,1009.11
2026-06-06 20:45:00,2026-06-06,0,generation,TERMO,termo,999.24
2026-06-06 21:00:00,2026-06-06,0,generation,TERMO,termo,988.58
2026-06-06 21:15:00,2026-06-06,0,generation,TERMO,termo,982.03
2026-06-06 21:30:00,2026-06-06,0,generation,TERMO,termo,976.11
2026-06-06 21:45:00,2026-06-06,0,generation,TERMO,termo,945.38
2026-06-06 22:00:00,2026-06-06,0,generation,TERMO,termo,927.29
2026-06-06 22:15:00,2026-06-06,0,generation,TERMO,termo,911.39
2026-06-06 22:30:00,2026-06-06,0,generation,TERMO,termo,907.25
2026-06-06 22:45:00,2026-06-06,0,generation,TERMO,termo,875.4
2026-06-06 23:00:00,2026-06-06,0,generation,TERMO,termo,889.42
2026-06-06 23:15:00,2026-06-06,0,generation,TERMO,termo,860.67
2026-06-06 23:30:00,2026-06-06,0,generation,TERMO,termo,836.38
2026-06-06 23:45:00,2026-06-06,0,generation,TERMO,termo,
2026-06-06 00:00:00,2026-06-06,0,generation,HIDRO,hidro,301.37
2026-06-06 00:15:00,2026-06-06,0,generation,HIDRO,hidro,272.52
2026-06-06 00:30:00,2026-06-06,0,generation,HIDRO,hidro,264.55
2026-06-06 00:45:00,2026-06-06,0,generation,HIDRO,hidro,245.64
2026-06-06 01:00:00,2026-06-06,0,generation,HIDRO,hidro,218.8
2026-06-06 01:15:00,2026-06-06,0,generation,HIDRO,hidro,214.37
2026-06-06 01:30:00,2026-06-06,0,generation,HIDRO,hidro,211.25
2026-06-06 01:45:00,2026-06-06,0,generation,HIDRO,hidro,208.05
2026-06-06 02:00:00,2026-06-06,0,generation,HIDRO,hidro,204.22
2026-06-06 02:15:00,2026-06-06,0,generation,HIDRO,hidro,204.72
2026-06-06 02:30:00,2026-06-06,0,generation,HIDRO,hidro,203.17
2026-06-06 02:45:00,2026-06-06,0,generation,HIDRO,hidro,200.86
2026-06-06 03:00:00,2026-06-06,0,generation,HIDRO,hidro,196.27
2026-06-06 03:15:00,2026-06-06,0,generation,HIDRO,hidro,198.55
2026-06-06 03:30:00,2026-06-06,0,generation,HIDRO,hidro,199.19
2026-06-06 03:45:00,2026-06-06,0,generation,HIDRO,hidro,200.97
2026-06-06 04:00:00,2026-06-06,0,generation,HIDRO,hidro,218.68
2026-06-06 04:15:00,2026-06-06,0,generation,HIDRO,hidro,195.65
2026-06-06 04:30:00,2026-06-06,0,generation,HIDRO,hidro,188.31
2026-06-06 04:45:00,2026-06-06,0,generation,HIDRO,hidro,182.95
2026-06-06 05:00:00,2026-06-06,0,generation,HIDRO,hidro,160.51
2026-06-06 05:15:00,2026-06-06,0,generation,HIDRO,hidro,157.26
2026-06-06 05:30:00,2026-06-06,0,generation,HIDRO,hidro,156.4
2026-06-06 05:45:00,2026-06-06,0,generation,HIDRO,hidro,153.05
2026-06-06 06:00:00,2026-06-06,0,generation,HIDRO,hidro,157.26
2026-06-06 06:15:00,2026-06-06,0,generation,HIDRO,hidro,165.02
2026-06-06 06:30:00,2026-06-06,0,generation,HIDRO,hidro,151.72
2026-06-06 06:45:00,2026-06-06,0,generation,HIDRO,hidro,139.45
2026-06-06 07:00:00,2026-06-06,0,generation,HIDRO,hidro,140.43
2026-06-06 07:15:00,2026-06-06,0,generation,HIDRO,hidro,140.94
2026-06-06 07:30:00,2026-06-06,0,generation,HIDRO,hidro,142.5
2026-06-06 07:45:00,2026-06-06,0,generation,HIDRO,hidro,146.16
2026-06-06 08:00:00,2026-06-06,0,generation,HIDRO,hidro,190.31
2026-06-06 08:15:00,2026-06-06,0,generation,HIDRO,hidro,189.42
2026-06-06 08:30:00,2026-06-06,0,generation,HIDRO,hidro,201.54
2026-06-06 08:45:00,2026-06-06,0,generation,HIDRO,hidro,208.99
2026-06-06 09:00:00,2026-06-06,0,generation,HIDRO,hidro,213.95
2026-06-06 09:15:00,2026-06-06,0,generation,HIDRO,hidro,218.49
2026-06-06 09:30:00,2026-06-06,0,generation,HIDRO,hidro,247.59
2026-06-06 09:45:00,2026-06-06,0,generation,HIDRO,hidro,251.08
2026-06-06 10:00:00,2026-06-06,0,generation,HIDRO,hidro,253.69
2026-06-06 10:15:00,2026-06-06,0,generation,HIDRO,hidro,255.74
2026-06-06 10:30:00,2026-06-06,0,generation,HIDRO,hidro,256.41
2026-06-06 10:45:00,2026-06-06,0,generation,HIDRO,hidro,263.97
2026-06-06 11:00:00,2026-06-06,0,generation,HIDRO,hidro,269.62
2026-06-06 11:15:00,2026-06-06,0,generation,HIDRO,hidro,279.28
2026-06-06 11:30:00,2026-06-06,0,generation,HIDRO,hidro,279.47
2026-06-06 11:45:00,2026-06-06,0,generation,HIDRO,hidro,282.41
2026-06-06 12:00:00,2026-06-06,0,generation,HIDRO,hidro,259.81
2026-06-06 12:15:00,2026-06-06,0,generation,HIDRO,hidro,240.89
2026-06-06 12:30:00,2026-06-06,0,generation,HIDRO,hidro,239.67
2026-06-06 12:45:00,2026-06-06,0,generation,HIDRO,hidro,229.33
2026-06-06 13:00:00,2026-06-06,0,generation,HIDRO,hidro,217.9
2026-06-06 13:15:00,2026-06-06,0,generation,HIDRO,hidro,215.05
2026-06-06 13:30:00,2026-06-06,0,generation,HIDRO,hidro,236.37
2026-06-06 13:45:00,2026-06-06,0,generation,HIDRO,hidro,240.12
2026-06-06 14:00:00,2026-06-06,0,generation,HIDRO,hidro,246.12
2026-06-06 14:15:00,2026-06-06,0,generation,HIDRO,hidro,250.37
2026-06-06 14:30:00,2026-06-06,0,generation,HIDRO,hidro,257.96
2026-06-06 14:45:00,2026-06-06,0,generation,HIDRO,hidro,274.33
2026-06-06 15:00:00,2026-06-06,0,generation,HIDRO,hidro,287.71
2026-06-06 15:15:00,2026-06-06,0,generation,HIDRO,hidro,296.21
2026-06-06 15:30:00,2026-06-06,0,generation,HIDRO,hidro,299.83
2026-06-06 15:45:00,2026-06-06,0,generation,HIDRO,hidro,308.85
2026-06-06 16:00:00,2026-06-06,0,generation,HIDRO,hidro,319.29
2026-06-06 16:15:00,2026-06-06,0,generation,HIDRO,hidro,320.22
2026-06-06 16:30:00,2026-06-06,0,generation,HIDRO,hidro,327.77
2026-06-06 16:45:00,2026-06-06,0,generation,HIDRO,hidro,333.54
2026-06-06 17:00:00,2026-06-06,0,generation,HIDRO,hidro,336.52
2026-06-06 17:15:00,2026-06-06,0,generation,HIDRO,hidro,349.95
2026-06-06 17:30:00,2026-06-06,0,generation,HIDRO,hidro,361.82
2026-06-06 17:45:00,2026-06-06,0,generation,HIDRO,hidro,411.59
2026-06-06 18:00:00,2026-06-06,0,generation,HIDRO,hidro,456.69
2026-06-06 18:15:00,2026-06-06,0,generation,HIDRO,hidro,512.33
2026-06-06 18:30:00,2026-06-06,0,generation,HIDRO,hidro,517.66
2026-06-06 18:45:00,2026-06-06,0,generation,HIDRO,hidro,525.2
2026-06-06 19:00:00,2026-06-06,0,generation,HIDRO,hidro,512.36
2026-06-06 19:15:00,2026-06-06,0,generation,HIDRO,hidro,508.06
2026-06-06 19:30:00,2026-06-06,0,generation,HIDRO,hidro,502.37
2026-06-06 19:45:00,2026-06-06,0,generation,HIDRO,hidro,503.49
2026-06-06 20:00:00,2026-06-06,0,generation,HIDRO,hidro,441.0
2026-06-06 20:15:00,2026-06-06,0,generation,HIDRO,hidro,414.01
2026-06-06 20:30:00,2026-06-06,0,generation,HIDRO,hidro,407.5
2026-06-06 20:45:00,2026-06-06,0,generation,HIDRO,hidro,406.59
2026-06-06 21:00:00,2026-06-06,0,generation,HIDRO,hidro,398.21
2026-06-06 21:15:00,2026-06-06,0,generation,HIDRO,hidro,383.18
2026-06-06 21:30:00,2026-06-06,0,generation,HIDRO,hidro,364.89
2026-06-06 21:45:00,2026-06-06,0,generation,HIDRO,hidro,371.1
2026-06-06 22:00:00,2026-06-06,0,generation,HIDRO,hidro,365.73
2026-06-06 22:15:00,2026-06-06,0,generation,HIDRO,hidro,353.5
2026-06-06 22:30:00,2026-06-06,0,generation,HIDRO,hidro,327.1
2026-06-06 22:45:00,2026-06-06,0,generation,HIDRO,hidro,318.78
2026-06-06 23:00:00,2026-06-06,0,generation,HIDRO,hidro,279.77
2026-06-06 23:15:00,2026-06-06,0,generation,HIDRO,hidro,275.65
2026-06-06 23:30:00,2026-06-06,0,generation,HIDRO,hidro,272.93
2026-06-06 23:45:00,2026-06-06,0,generation,HIDRO,hidro,
2026-06-06 00:00:00,2026-06-06,0,generation,SOLAR,solar,0.0
2026-06-06 00:15:00,2026-06-06,0,generation,SOLAR,solar,0.0
2026-06-06 00:30:00,2026-06-06,0,generation,SOLAR,solar,0.0
2026-06-06 00:45:00,2026-06-06,0,generation,SOLAR,solar,0.0
2026-06-06 01:00:00,2026-06-06,0,generation,SOLAR,solar,0.0
2026-06-06 01:15:00,2026-06-06,0,generation,SOLAR,solar,0.0
2026-06-06 01:30:00,2026-06-06,0,generation,SOLAR,solar,0.0
2026-06-06 01:45:00,2026-06-06,0,generation,SOLAR,solar,0.0
2026-06-06 02:00:00,2026-06-06,0,generation,SOLAR,solar,0.0
2026-06-06 02:15:00,2026-06-06,0,generation,SOLAR,solar,0.0
2026-06-06 02:30:00,2026-06-06,0,generation,SOLAR,solar,0.0
2026-06-06 02:45:00,2026-06-06,0,generation,SOLAR,solar,0.0
2026-06-06 03:00:00,2026-06-06,0,generation,SOLAR,solar,0.0
2026-06-06 03:15:00,2026-06-06,0,generation,SOLAR,solar,0.0
2026-06-06 03:30:00,2026-06-06,0,generation,SOLAR,solar,0.0
2026-06-06 03:45:00,2026-06-06,0,generation,SOLAR,solar,0.0
2026-06-06 04:00:00,2026-06-06,0,generation,SOLAR,solar,0.0
2026-06-06 04:15:00,2026-06-06,0,generation,SOLAR,solar,0.0
2026-06-06 04:30:00,2026-06-06,0,generation,SOLAR,solar,0.0
2026-06-06 04:45:00,2026-06-06,0,generation,SOLAR,solar,0.0
2026-06-06 05:00:00,2026-06-06,0,generation,SOLAR,solar,0.0
2026-06-06 05:15:00,2026-06-06,0,generation,SOLAR,solar,0.0
2026-06-06 05:30:00,2026-06-06,0,generation,SOLAR,solar,0.0
2026-06-06 05:45:00,2026-06-06,0,generation,SOLAR,solar,0.0
2026-06-06 06:00:00,2026-06-06,0,generation,SOLAR,solar,0.0
2026-06-06 06:15:00,2026-06-06,0,generation,SOLAR,solar,0.0
2026-06-06 06:30:00,2026-06-06,0,generation,SOLAR,solar,0.0
2026-06-06 06:45:00,2026-06-06,0,generation,SOLAR,solar,0.0
2026-06-06 07:00:00,2026-06-06,0,generation,SOLAR,solar,4.1
2026-06-06 07:15:00,2026-06-06,0,generation,SOLAR,solar,16.61
2026-06-06 07:30:00,2026-06-06,0,generation,SOLAR,solar,25.96
2026-06-06 07:45:00,2026-06-06,0,generation,SOLAR,solar,40.92
2026-06-06 08:00:00,2026-06-06,0,generation,SOLAR,solar,53.57
2026-06-06 08:15:00,2026-06-06,0,generation,SOLAR,solar,63.3
2026-06-06 08:30:00,2026-06-06,0,generation,SOLAR,solar,72.19
2026-06-06 08:45:00,2026-06-06,0,generation,SOLAR,solar,80.49
2026-06-06 09:00:00,2026-06-06,0,generation,SOLAR,solar,87.91
2026-06-06 09:15:00,2026-06-06,0,generation,SOLAR,solar,94.79
2026-06-06 09:30:00,2026-06-06,0,generation,SOLAR,solar,100.83
2026-06-06 09:45:00,2026-06-06,0,generation,SOLAR,solar,106.74
2026-06-06 10:00:00,2026-06-06,0,generation,SOLAR,solar,111.81
2026-06-06 10:15:00,2026-06-06,0,generation,SOLAR,solar,115.99
2026-06-06 10:30:00,2026-06-06,0,generation,SOLAR,solar,119.72
2026-06-06 10:45:00,2026-06-06,0,generation,SOLAR,solar,122.38
2026-06-06 11:00:00,2026-06-06,0,generation,SOLAR,solar,124.81
2026-06-06 11:15:00,2026-06-06,0,generation,SOLAR,solar,127.04
2026-06-06 11:30:00,2026-06-06,0,generation,SOLAR,solar,128.52
2026-06-06 11:45:00,2026-06-06,0,generation,SOLAR,solar,129.76
2026-06-06 12:00:00,2026-06-06,0,generation,SOLAR,solar,130.33
2026-06-06 12:15:00,2026-06-06,0,generation,SOLAR,solar,130.72
2026-06-06 12:30:00,2026-06-06,0,generation,SOLAR,solar,129.77
2026-06-06 12:45:00,2026-06-06,0,generation,SOLAR,solar,128.97
2026-06-06 13:00:00,2026-06-06,0,generation,SOLAR,solar,128.13
2026-06-06 13:15:00,2026-06-06,0,generation,SOLAR,solar,126.6
2026-06-06 13:30:00,2026-06-06,0,generation,SOLAR,solar,124.42
2026-06-06 13:45:00,2026-06-06,0,generation,SOLAR,solar,121.32
2026-06-06 14:00:00,2026-06-06,0,generation,SOLAR,solar,117.82
2026-06-06 14:15:00,2026-06-06,0,generation,SOLAR,solar,114.86
2026-06-06 14:30:00,2026-06-06,0,generation,SOLAR,solar,110.45
2026-06-06 14:45:00,2026-06-06,0,generation,SOLAR,solar,105.04
2026-06-06 15:00:00,2026-06-06,0,generation,SOLAR,solar,98.74
2026-06-06 15:15:00,2026-06-06,0,generation,SOLAR,solar,92.02
2026-06-06 15:30:00,2026-06-06,0,generation,SOLAR,solar,84.82
2026-06-06 15:45:00,2026-06-06,0,generation,SOLAR,solar,76.63
2026-06-06 16:00:00,2026-06-06,0,generation,SOLAR,solar,68.28
2026-06-06 16:15:00,2026-06-06,0,generation,SOLAR,solar,58.33
2026-06-06 16:30:00,2026-06-06,0,generation,SOLAR,solar,47.12
2026-06-06 16:45:00,2026-06-06,0,generation,SOLAR,solar,31.88
2026-06-06 17:00:00,2026-06-06,0,generation,SOLAR,solar,22.14
2026-06-06 17:15:00,2026-06-06,0,generation,SOLAR,solar,9.8
2026-06-06 17:30:00,2026-06-06,0,generation,SOLAR,solar,2.99
2026-06-06 17:45:00,2026-06-06,0,generation,SOLAR,solar,0.0
2026-06-06 18:00:00,2026-06-06,0,generation,SOLAR,solar,0.0
2026-06-06 18:15:00,2026-06-06,0,generation,SOLAR,solar,0.0
2026-06-06 18:30:00,2026-06-06,0,generation,SOLAR,solar,0.0
2026-06-06 18:45:00,2026-06-06,0,generation,SOLAR,solar,0.0
2026-06-06 19:00:00,2026-06-06,0,generation,SOLAR,solar,0.0
2026-06-06 19:15:00,2026-06-06,0,generation,SOLAR,solar,0.0
2026-06-06 19:30:00,2026-06-06,0,generation,SOLAR,solar,0.0
2026-06-06 19:45:00,2026-06-06,0,generation,SOLAR,solar,0.0
2026-06-06 20:00:00,2026-06-06,0,generation,SOLAR,solar,0.0
2026-06-06 20:15:00,2026-06-06,0,generation,SOLAR,solar,0.0
2026-06-06 20:30:00,2026-06-06,0,generation,SOLAR,solar,0.0
2026-06-06 20:45:00,2026-06-06,0,generation,SOLAR,solar,0.0
2026-06-06 21:00:00,2026-06-06,0,generation,SOLAR,solar,0.0
2026-06-06 21:15:00,2026-06-06,0,generation,SOLAR,solar,0.0
2026-06-06 21:30:00,2026-06-06,0,generation,SOLAR,solar,0.0
2026-06-06 21:45:00,2026-06-06,0,generation,SOLAR,solar,0.0
2026-06-06 22:00:00,2026-06-06,0,generation,SOLAR,solar,0.0
2026-06-06 22:15:00,2026-06-06,0,generation,SOLAR,solar,0.0
2026-06-06 22:30:00,2026-06-06,0,generation,SOLAR,solar,0.0
2026-06-06 22:45:00,2026-06-06,0,generation,SOLAR,solar,0.0
2026-06-06 23:00:00,2026-06-06,0,generation,SOLAR,solar,0.0
2026-06-06 23:15:00,2026-06-06,0,generation,SOLAR,solar,0.0
2026-06-06 23:30:00,2026-06-06,0,generation,SOLAR,solar,0.0
2026-06-06 23:45:00,2026-06-06,0,generation,SOLAR,solar,
2026-06-06 00:00:00,2026-06-06,0,generation,EOL,eol,10.43
2026-06-06 00:15:00,2026-06-06,0,generation,EOL,eol,11.5
2026-06-06 00:30:00,2026-06-06,0,generation,EOL,eol,12.74
2026-06-06 00:45:00,2026-06-06,0,generation,EOL,eol,12.61
2026-06-06 01:00:00,2026-06-06,0,generation,EOL,eol,14.05
2026-06-06 01:15:00,2026-06-06,0,generation,EOL,eol,14.71
2026-06-06 01:30:00,2026-06-06,0,generation,EOL,eol,14.1
2026-06-06 01:45:00,2026-06-06,0,generation,EOL,eol,11.15
2026-06-06 02:00:00,2026-06-06,0,generation,EOL,eol,10.9
2026-06-06 02:15:00,2026-06-06,0,generation,EOL,eol,6.97
2026-06-06 02:30:00,2026-06-06,0,generation,EOL,eol,3.13
2026-06-06 02:45:00,2026-06-06,0,generation,EOL,eol,3.09
2026-06-06 03:00:00,2026-06-06,0,generation,EOL,eol,2.78
2026-06-06 03:15:00,2026-06-06,0,generation,EOL,eol,2.42
2026-06-06 03:30:00,2026-06-06,0,generation,EOL,eol,4.02
2026-06-06 03:45:00,2026-06-06,0,generation,EOL,eol,3.62
2026-06-06 04:00:00,2026-06-06,0,generation,EOL,eol,3.43
2026-06-06 04:15:00,2026-06-06,0,generation,EOL,eol,4.3
2026-06-06 04:30:00,2026-06-06,0,generation,EOL,eol,1.78
2026-06-06 04:45:00,2026-06-06,0,generation,EOL,eol,1.73
2026-06-06 05:00:00,2026-06-06,0,generation,EOL,eol,1.07
2026-06-06 05:15:00,2026-06-06,0,generation,EOL,eol,0.49
2026-06-06 05:30:00,2026-06-06,0,generation,EOL,eol,0.27
2026-06-06 05:45:00,2026-06-06,0,generation,EOL,eol,0.26
2026-06-06 06:00:00,2026-06-06,0,generation,EOL,eol,0.22
2026-06-06 06:15:00,2026-06-06,0,generation,EOL,eol,0.18
2026-06-06 06:30:00,2026-06-06,0,generation,EOL,eol,0.26
2026-06-06 06:45:00,2026-06-06,0,generation,EOL,eol,0.19
2026-06-06 07:00:00,2026-06-06,0,generation,EOL,eol,0.3
2026-06-06 07:15:00,2026-06-06,0,generation,EOL,eol,0.28
2026-06-06 07:30:00,2026-06-06,0,generation,EOL,eol,0.51
2026-06-06 07:45:00,2026-06-06,0,generation,EOL,eol,1.51
2026-06-06 08:00:00,2026-06-06,0,generation,EOL,eol,1.86
2026-06-06 08:15:00,2026-06-06,0,generation,EOL,eol,3.24
2026-06-06 08:30:00,2026-06-06,0,generation,EOL,eol,2.14
2026-06-06 08:45:00,2026-06-06,0,generation,EOL,eol,1.45
2026-06-06 09:00:00,2026-06-06,0,generation,EOL,eol,1.32
2026-06-06 09:15:00,2026-06-06,0,generation,EOL,eol,0.37
2026-06-06 09:30:00,2026-06-06,0,generation,EOL,eol,1.98
2026-06-06 09:45:00,2026-06-06,0,generation,EOL,eol,4.79
2026-06-06 10:00:00,2026-06-06,0,generation,EOL,eol,5.85
2026-06-06 10:15:00,2026-06-06,0,generation,EOL,eol,7.86
2026-06-06 10:30:00,2026-06-06,0,generation,EOL,eol,7.16
2026-06-06 10:45:00,2026-06-06,0,generation,EOL,eol,7.46
2026-06-06 11:00:00,2026-06-06,0,generation,EOL,eol,6.04
2026-06-06 11:15:00,2026-06-06,0,generation,EOL,eol,9.73
2026-06-06 11:30:00,2026-06-06,0,generation,EOL,eol,12.72
2026-06-06 11:45:00,2026-06-06,0,generation,EOL,eol,13.01
2026-06-06 12:00:00,2026-06-06,0,generation,EOL,eol,18.11
2026-06-06 12:15:00,2026-06-06,0,generation,EOL,eol,22.05
2026-06-06 12:30:00,2026-06-06,0,generation,EOL,eol,21.78
2026-06-06 12:45:00,2026-06-06,0,generation,EOL,eol,22.52
2026-06-06 13:00:00,2026-06-06,0,generation,EOL,eol,28.79
2026-06-06 13:15:00,2026-06-06,0,generation,EOL,eol,28.0
2026-06-06 13:30:00,2026-06-06,0,generation,EOL,eol,31.81
2026-06-06 13:45:00,2026-06-06,0,generation,EOL,eol,27.85
2026-06-06 14:00:00,2026-06-06,0,generation,EOL,eol,23.72
2026-06-06 14:15:00,2026-06-06,0,generation,EOL,eol,26.2
2026-06-06 14:30:00,2026-06-06,0,generation,EOL,eol,24.53
2026-06-06 14:45:00,2026-06-06,0,generation,EOL,eol,32.49
2026-06-06 15:00:00,2026-06-06,0,generation,EOL,eol,36.52
2026-06-06 15:15:00,2026-06-06,0,generation,EOL,eol,30.16
2026-06-06 15:30:00,2026-06-06,0,generation,EOL,eol,35.66
2026-06-06 15:45:00,2026-06-06,0,generation,EOL,eol,28.31
2026-06-06 16:00:00,2026-06-06,0,generation,EOL,eol,29.81
2026-06-06 16:15:00,2026-06-06,0,generation,EOL,eol,28.24
2026-06-06 16:30:00,2026-06-06,0,generation,EOL,eol,33.57
2026-06-06 16:45:00,2026-06-06,0,generation,EOL,eol,27.87
2026-06-06 17:00:00,2026-06-06,0,generation,EOL,eol,26.39
2026-06-06 17:15:00,2026-06-06,0,generation,EOL,eol,26.16
2026-06-06 17:30:00,2026-06-06,0,generation,EOL,eol,31.08
2026-06-06 17:45:00,2026-06-06,0,generation,EOL,eol,30.35
2026-06-06 18:00:00,2026-06-06,0,generation,EOL,eol,30.47
2026-06-06 18:15:00,2026-06-06,0,generation,EOL,eol,24.78
2026-06-06 18:30:00,2026-06-06,0,generation,EOL,eol,18.82
2026-06-06 18:45:00,2026-06-06,0,generation,EOL,eol,23.65
2026-06-06 19:00:00,2026-06-06,0,generation,EOL,eol,26.59
2026-06-06 19:15:00,2026-06-06,0,generation,EOL,eol,30.3
2026-06-06 19:30:00,2026-06-06,0,generation,EOL,eol,27.6
2026-06-06 19:45:00,2026-06-06,0,generation,EOL,eol,31.06
2026-06-06 20:00:00,2026-06-06,0,generation,EOL,eol,32.22
2026-06-06 20:15:00,2026-06-06,0,generation,EOL,eol,29.13
2026-06-06 20:30:00,2026-06-06,0,generation,EOL,eol,27.71
2026-06-06 20:45:00,2026-06-06,0,generation,EOL,eol,26.31
2026-06-06 21:00:00,2026-06-06,0,generation,EOL,eol,30.76
2026-06-06 21:15:00,2026-06-06,0,generation,EOL,eol,27.77
2026-06-06 21:30:00,2026-06-06,0,generation,EOL,eol,22.46
2026-06-06 21:45:00,2026-06-06,0,generation,EOL,eol,19.19
2026-06-06 22:00:00,2026-06-06,0,generation,EOL,eol,18.39
2026-06-06 22:15:00,2026-06-06,0,generation,EOL,eol,22.05
2026-06-06 22:30:00,2026-06-06,0,generation,EOL,eol,27.12
2026-06-06 22:45:00,2026-06-06,0,generation,EOL,eol,36.34
2026-06-06 23:00:00,2026-06-06,0,generation,EOL,eol,32.98
2026-06-06 23:15:00,2026-06-06,0,generation,EOL,eol,35.76
2026-06-06 23:30:00,2026-06-06,0,generation,EOL,eol,35.79
2026-06-06 23:45:00,2026-06-06,0,generation,EOL,eol,
2026-06-06 00:00:00,2026-06-06,0,generation,RENO,reno,0.0
2026-06-06 00:15:00,2026-06-06,0,generation,RENO,reno,0.0
2026-06-06 00:30:00,2026-06-06,0,generation,RENO,reno,0.0
2026-06-06 00:45:00,2026-06-06,0,generation,RENO,reno,0.0
2026-06-06 01:00:00,2026-06-06,0,generation,RENO,reno,0.0
2026-06-06 01:15:00,2026-06-06,0,generation,RENO,reno,0.0
2026-06-06 01:30:00,2026-06-06,0,generation,RENO,reno,0.0
2026-06-06 01:45:00,2026-06-06,0,generation,RENO,reno,0.0
2026-06-06 02:00:00,2026-06-06,0,generation,RENO,reno,0.0
2026-06-06 02:15:00,2026-06-06,0,generation,RENO,reno,0.0
2026-06-06 02:30:00,2026-06-06,0,generation,RENO,reno,0.0
2026-06-06 02:45:00,2026-06-06,0,generation,RENO,reno,0.0
2026-06-06 03:00:00,2026-06-06,0,generation,RENO,reno,0.0
2026-06-06 03:15:00,2026-06-06,0,generation,RENO,reno,0.0
2026-06-06 03:30:00,2026-06-06,0,generation,RENO,reno,0.0
2026-06-06 03:45:00,2026-06-06,0,generation,RENO,reno,0.0
2026-06-06 04:00:00,2026-06-06,0,generation,RENO,reno,0.0
2026-06-06 04:15:00,2026-06-06,0,generation,RENO,reno,0.0
2026-06-06 04:30:00,2026-06-06,0,generation,RENO,reno,0.0
2026-06-06 04:45:00,2026-06-06,0,generation,RENO,reno,0.0
2026-06-06 05:00:00,2026-06-06,0,generation,RENO,reno,0.0
2026-06-06 05:15:00,2026-06-06,0,generation,RENO,reno,0.0
2026-06-06 05:30:00,2026-06-06,0,generation,RENO,reno,0.0
2026-06-06 05:45:00,2026-06-06,0,generation,RENO,reno,0.0
2026-06-06 06:00:00,2026-06-06,0,generation,RENO,reno,0.0
2026-06-06 06:15:00,2026-06-06,0,generation,RENO,reno,0.0
2026-06-06 06:30:00,2026-06-06,0,generation,RENO,reno,0.0
2026-06-06 06:45:00,2026-06-06,0,generation,RENO,reno,0.0
2026-06-06 07:00:00,2026-06-06,0,generation,RENO,reno,0.02
2026-06-06 07:15:00,2026-06-06,0,generation,RENO,reno,0.04
2026-06-06 07:30:00,2026-06-06,0,generation,RENO,reno,0.06
2026-06-06 07:45:00,2026-06-06,0,generation,RENO,reno,0.42
2026-06-06 08:00:00,2026-06-06,0,generation,RENO,reno,0.52
2026-06-06 08:15:00,2026-06-06,0,generation,RENO,reno,0.63
2026-06-06 08:30:00,2026-06-06,0,generation,RENO,reno,0.81
2026-06-06 08:45:00,2026-06-06,0,generation,RENO,reno,1.39
2026-06-06 09:00:00,2026-06-06,0,generation,RENO,reno,1.57
2026-06-06 09:15:00,2026-06-06,0,generation,RENO,reno,1.69
2026-06-06 09:30:00,2026-06-06,0,generation,RENO,reno,1.81
2026-06-06 09:45:00,2026-06-06,0,generation,RENO,reno,1.92
2026-06-06 10:00:00,2026-06-06,0,generation,RENO,reno,2.03
2026-06-06 10:15:00,2026-06-06,0,generation,RENO,reno,2.11
2026-06-06 10:30:00,2026-06-06,0,generation,RENO,reno,2.17
2026-06-06 10:45:00,2026-06-06,0,generation,RENO,reno,2.22
2026-06-06 11:00:00,2026-06-06,0,generation,RENO,reno,2.26
2026-06-06 11:15:00,2026-06-06,0,generation,RENO,reno,2.29
2026-06-06 11:30:00,2026-06-06,0,generation,RENO,reno,2.32
2026-06-06 11:45:00,2026-06-06,0,generation,RENO,reno,2.33
2026-06-06 12:00:00,2026-06-06,0,generation,RENO,reno,2.33
2026-06-06 12:15:00,2026-06-06,0,generation,RENO,reno,2.34
2026-06-06 12:30:00,2026-06-06,0,generation,RENO,reno,2.31
2026-06-06 12:45:00,2026-06-06,0,generation,RENO,reno,2.3
2026-06-06 13:00:00,2026-06-06,0,generation,RENO,reno,2.3
2026-06-06 13:15:00,2026-06-06,0,generation,RENO,reno,2.27
2026-06-06 13:30:00,2026-06-06,0,generation,RENO,reno,2.22
2026-06-06 13:45:00,2026-06-06,0,generation,RENO,reno,2.17
2026-06-06 14:00:00,2026-06-06,0,generation,RENO,reno,2.1
2026-06-06 14:15:00,2026-06-06,0,generation,RENO,reno,2.02
2026-06-06 14:30:00,2026-06-06,0,generation,RENO,reno,1.94
2026-06-06 14:45:00,2026-06-06,0,generation,RENO,reno,1.84
2026-06-06 15:00:00,2026-06-06,0,generation,RENO,reno,1.74
2026-06-06 15:15:00,2026-06-06,0,generation,RENO,reno,1.61
2026-06-06 15:30:00,2026-06-06,0,generation,RENO,reno,1.47
2026-06-06 15:45:00,2026-06-06,0,generation,RENO,reno,1.02
2026-06-06 16:00:00,2026-06-06,0,generation,RENO,reno,0.68
2026-06-06 16:15:00,2026-06-06,0,generation,RENO,reno,0.57
2026-06-06 16:30:00,2026-06-06,0,generation,RENO,reno,0.46
2026-06-06 16:45:00,2026-06-06,0,generation,RENO,reno,0.29
2026-06-06 17:00:00,2026-06-06,0,generation,RENO,reno,0.05
2026-06-06 17:15:00,2026-06-06,0,generation,RENO,reno,0.03
2026-06-06 17:30:00,2026-06-06,0,generation,RENO,reno,0.0
2026-06-06 17:45:00,2026-06-06,0,generation,RENO,reno,0.0
2026-06-06 18:00:00,2026-06-06,0,generation,RENO,reno,0.0
2026-06-06 18:15:00,2026-06-06,0,generation,RENO,reno,0.0
2026-06-06 18:30:00,2026-06-06,0,generation,RENO,reno,0.0
2026-06-06 18:45:00,2026-06-06,0,generation,RENO,reno,0.0
2026-06-06 19:00:00,2026-06-06,0,generation,RENO,reno,0.0
2026-06-06 19:15:00,2026-06-06,0,generation,RENO,reno,0.0
2026-06-06 19:30:00,2026-06-06,0,generation,RENO,reno,0.0
2026-06-06 19:45:00,2026-06-06,0,generation,RENO,reno,0.0
2026-06-06 20:00:00,2026-06-06,0,generation,RENO,reno,0.0
2026-06-06 20:15:00,2026-06-06,0,generation,RENO,reno,0.0
2026-06-06 20:30:00,2026-06-06,0,generation,RENO,reno,0.0
2026-06-06 20:45:00,2026-06-06,0,generation,RENO,reno,0.0
2026-06-06 21:00:00,2026-06-06,0,generation,RENO,reno,0.0
2026-06-06 21:15:00,2026-06-06,0,generation,RENO,reno,0.0
2026-06-06 21:30:00,2026-06-06,0,generation,RENO,reno,0.0
2026-06-06 21:45:00,2026-06-06,0,generation,RENO,reno,0.0
2026-06-06 22:00:00,2026-06-06,0,generation,RENO,reno,0.0
2026-06-06 22:15:00,2026-06-06,0,generation,RENO,reno,0.0
2026-06-06 22:30:00,2026-06-06,0,generation,RENO,reno,0.0
2026-06-06 22:45:00,2026-06-06,0,generation,RENO,reno,0.0
2026-06-06 23:00:00,2026-06-06,0,generation,RENO,reno,0.0
2026-06-06 23:15:00,2026-06-06,0,generation,RENO,reno,0.0
2026-06-06 23:30:00,2026-06-06,0,generation,RENO,reno,0.0
2026-06-06 23:45:00,2026-06-06,0,generation,RENO,reno,
2026-06-06 00:00:00,2026-06-06,0,generation,BAGAZO,bagazo,5.99
2026-06-06 00:15:00,2026-06-06,0,generation,BAGAZO,bagazo,6.63
2026-06-06 00:30:00,2026-06-06,0,generation,BAGAZO,bagazo,5.67
2026-06-06 00:45:00,2026-06-06,0,generation,BAGAZO,bagazo,7.0
2026-06-06 01:00:00,2026-06-06,0,generation,BAGAZO,bagazo,7.26
2026-06-06 01:15:00,2026-06-06,0,generation,BAGAZO,bagazo,7.37
2026-06-06 01:30:00,2026-06-06,0,generation,BAGAZO,bagazo,7.06
2026-06-06 01:45:00,2026-06-06,0,generation,BAGAZO,bagazo,6.99
2026-06-06 02:00:00,2026-06-06,0,generation,BAGAZO,bagazo,6.12
2026-06-06 02:15:00,2026-06-06,0,generation,BAGAZO,bagazo,6.51
2026-06-06 02:30:00,2026-06-06,0,generation,BAGAZO,bagazo,6.56
2026-06-06 02:45:00,2026-06-06,0,generation,BAGAZO,bagazo,6.17
2026-06-06 03:00:00,2026-06-06,0,generation,BAGAZO,bagazo,7.05
2026-06-06 03:15:00,2026-06-06,0,generation,BAGAZO,bagazo,7.16
2026-06-06 03:30:00,2026-06-06,0,generation,BAGAZO,bagazo,6.73
2026-06-06 03:45:00,2026-06-06,0,generation,BAGAZO,bagazo,6.57
2026-06-06 04:00:00,2026-06-06,0,generation,BAGAZO,bagazo,5.67
2026-06-06 04:15:00,2026-06-06,0,generation,BAGAZO,bagazo,7.32
2026-06-06 04:30:00,2026-06-06,0,generation,BAGAZO,bagazo,5.85
2026-06-06 04:45:00,2026-06-06,0,generation,BAGAZO,bagazo,7.11
2026-06-06 05:00:00,2026-06-06,0,generation,BAGAZO,bagazo,5.1
2026-06-06 05:15:00,2026-06-06,0,generation,BAGAZO,bagazo,6.11
2026-06-06 05:30:00,2026-06-06,0,generation,BAGAZO,bagazo,5.75
2026-06-06 05:45:00,2026-06-06,0,generation,BAGAZO,bagazo,5.79
2026-06-06 06:00:00,2026-06-06,0,generation,BAGAZO,bagazo,5.56
2026-06-06 06:15:00,2026-06-06,0,generation,BAGAZO,bagazo,5.86
2026-06-06 06:30:00,2026-06-06,0,generation,BAGAZO,bagazo,4.22
2026-06-06 06:45:00,2026-06-06,0,generation,BAGAZO,bagazo,5.31
2026-06-06 07:00:00,2026-06-06,0,generation,BAGAZO,bagazo,5.44
2026-06-06 07:15:00,2026-06-06,0,generation,BAGAZO,bagazo,5.74
2026-06-06 07:30:00,2026-06-06,0,generation,BAGAZO,bagazo,6.14
2026-06-06 07:45:00,2026-06-06,0,generation,BAGAZO,bagazo,5.49
2026-06-06 08:00:00,2026-06-06,0,generation,BAGAZO,bagazo,5.82
2026-06-06 08:15:00,2026-06-06,0,generation,BAGAZO,bagazo,6.75
2026-06-06 08:30:00,2026-06-06,0,generation,BAGAZO,bagazo,4.59
2026-06-06 08:45:00,2026-06-06,0,generation,BAGAZO,bagazo,4.69
2026-06-06 09:00:00,2026-06-06,0,generation,BAGAZO,bagazo,5.87
2026-06-06 09:15:00,2026-06-06,0,generation,BAGAZO,bagazo,6.48
2026-06-06 09:30:00,2026-06-06,0,generation,BAGAZO,bagazo,4.87
2026-06-06 09:45:00,2026-06-06,0,generation,BAGAZO,bagazo,4.56
2026-06-06 10:00:00,2026-06-06,0,generation,BAGAZO,bagazo,5.5
2026-06-06 10:15:00,2026-06-06,0,generation,BAGAZO,bagazo,5.66
2026-06-06 10:30:00,2026-06-06,0,generation,BAGAZO,bagazo,5.88
2026-06-06 10:45:00,2026-06-06,0,generation,BAGAZO,bagazo,5.7
2026-06-06 11:00:00,2026-06-06,0,generation,BAGAZO,bagazo,5.72
2026-06-06 11:15:00,2026-06-06,0,generation,BAGAZO,bagazo,5.26
2026-06-06 11:30:00,2026-06-06,0,generation,BAGAZO,bagazo,4.72
2026-06-06 11:45:00,2026-06-06,0,generation,BAGAZO,bagazo,5.62
2026-06-06 12:00:00,2026-06-06,0,generation,BAGAZO,bagazo,4.44
2026-06-06 12:15:00,2026-06-06,0,generation,BAGAZO,bagazo,4.85
2026-06-06 12:30:00,2026-06-06,0,generation,BAGAZO,bagazo,5.81
2026-06-06 12:45:00,2026-06-06,0,generation,BAGAZO,bagazo,5.78
2026-06-06 13:00:00,2026-06-06,0,generation,BAGAZO,bagazo,5.84
2026-06-06 13:15:00,2026-06-06,0,generation,BAGAZO,bagazo,6.23
2026-06-06 13:30:00,2026-06-06,0,generation,BAGAZO,bagazo,5.46
2026-06-06 13:45:00,2026-06-06,0,generation,BAGAZO,bagazo,5.79
2026-06-06 14:00:00,2026-06-06,0,generation,BAGAZO,bagazo,5.99
2026-06-06 14:15:00,2026-06-06,0,generation,BAGAZO,bagazo,6.47
2026-06-06 14:30:00,2026-06-06,0,generation,BAGAZO,bagazo,6.38
2026-06-06 14:45:00,2026-06-06,0,generation,BAGAZO,bagazo,5.15
2026-06-06 15:00:00,2026-06-06,0,generation,BAGAZO,bagazo,4.58
2026-06-06 15:15:00,2026-06-06,0,generation,BAGAZO,bagazo,5.19
2026-06-06 15:30:00,2026-06-06,0,generation,BAGAZO,bagazo,4.88
2026-06-06 15:45:00,2026-06-06,0,generation,BAGAZO,bagazo,5.46
2026-06-06 16:00:00,2026-06-06,0,generation,BAGAZO,bagazo,4.57
2026-06-06 16:15:00,2026-06-06,0,generation,BAGAZO,bagazo,5.18
2026-06-06 16:30:00,2026-06-06,0,generation,BAGAZO,bagazo,5.1
2026-06-06 16:45:00,2026-06-06,0,generation,BAGAZO,bagazo,6.16
2026-06-06 17:00:00,2026-06-06,0,generation,BAGAZO,bagazo,6.56
2026-06-06 17:15:00,2026-06-06,0,generation,BAGAZO,bagazo,4.2
2026-06-06 17:30:00,2026-06-06,0,generation,BAGAZO,bagazo,4.52
2026-06-06 17:45:00,2026-06-06,0,generation,BAGAZO,bagazo,4.85
2026-06-06 18:00:00,2026-06-06,0,generation,BAGAZO,bagazo,4.58
2026-06-06 18:15:00,2026-06-06,0,generation,BAGAZO,bagazo,4.68
2026-06-06 18:30:00,2026-06-06,0,generation,BAGAZO,bagazo,5.81
2026-06-06 18:45:00,2026-06-06,0,generation,BAGAZO,bagazo,4.53
2026-06-06 19:00:00,2026-06-06,0,generation,BAGAZO,bagazo,4.34
2026-06-06 19:15:00,2026-06-06,0,generation,BAGAZO,bagazo,5.1
2026-06-06 19:30:00,2026-06-06,0,generation,BAGAZO,bagazo,5.56
2026-06-06 19:45:00,2026-06-06,0,generation,BAGAZO,bagazo,4.48
2026-06-06 20:00:00,2026-06-06,0,generation,BAGAZO,bagazo,5.68
2026-06-06 20:15:00,2026-06-06,0,generation,BAGAZO,bagazo,6.44
2026-06-06 20:30:00,2026-06-06,0,generation,BAGAZO,bagazo,6.5
2026-06-06 20:45:00,2026-06-06,0,generation,BAGAZO,bagazo,5.95
2026-06-06 21:00:00,2026-06-06,0,generation,BAGAZO,bagazo,5.12
2026-06-06 21:15:00,2026-06-06,0,generation,BAGAZO,bagazo,4.59
2026-06-06 21:30:00,2026-06-06,0,generation,BAGAZO,bagazo,5.84
2026-06-06 21:45:00,2026-06-06,0,generation,BAGAZO,bagazo,6.65
2026-06-06 22:00:00,2026-06-06,0,generation,BAGAZO,bagazo,6.42
2026-06-06 22:15:00,2026-06-06,0,generation,BAGAZO,bagazo,5.64
2026-06-06 22:30:00,2026-06-06,0,generation,BAGAZO,bagazo,5.89
2026-06-06 22:45:00,2026-06-06,0,generation,BAGAZO,bagazo,5.34
2026-06-06 23:00:00,2026-06-06,0,generation,BAGAZO,bagazo,6.26
2026-06-06 23:15:00,2026-06-06,0,generation,BAGAZO,bagazo,5.82
2026-06-06 23:30:00,2026-06-06,0,generation,BAGAZO,bagazo,6.4
2026-06-06 23:45:00,2026-06-06,0,generation,BAGAZO,bagazo,
