timestamp,forecast_beni_mw,forecast_chuquisaca_mw,forecast_cochabamba_mw,forecast_la_paz_mw,forecast_oruro_mw,forecast_potosi_mw,forecast_santa_cruz_mw,forecast_tarija_mw,hour,minute,day_of_week,month,day_of_year,week_of_year,is_weekend,hour_sin,hour_cos,month_sin,month_cos,dow_sin,dow_cos,target_lag_96,target_lag_192,target_lag_672,rolling_mean_96,rolling_std_96,rolling_min_96,rolling_max_96,rolling_mean_672,rolling_std_672,rolling_min_672,rolling_max_672,cndc_forecast_total_mw,forecast_error_lag_96,forecast_error_lag_672,safe_ramp_96,safe_ramp_672,demand_beni_mw_lag_96,demand_beni_mw_lag_672,demand_chuquisaca_mw_lag_96,demand_chuquisaca_mw_lag_672,demand_cochabamba_mw_lag_96,demand_cochabamba_mw_lag_672,demand_la_paz_mw_lag_96,demand_la_paz_mw_lag_672,demand_oruro_mw_lag_96,demand_oruro_mw_lag_672,demand_potosi_mw_lag_96,demand_potosi_mw_lag_672,demand_santa_cruz_mw_lag_96,demand_santa_cruz_mw_lag_672,demand_tarija_mw_lag_96,demand_tarija_mw_lag_672
2026-06-07 00:00:00,13.65,27.88,154.81,157.53,56.32,140.52,359.64,34.3,0,0,6,6,158,23,1,0.0,1.0,1.2246467991473532e-16,-1.0,-0.7818314824680299,0.6234898018587334,1076.5700000000002,1061.63,1028.3700000000001,1222.6264889526367,210.97700168564097,899.24,1528.56,1209.0884195527576,216.88599964654816,819.72,1685.1299999999999,944.65,115.13000000000022,116.99000000000012,14.940000000000055,5.100000000000136,31.38,17.24,33.6,36.6,166.87,157.13,181.12,182.23,68.86,69.37,141.38,143.4,401.67,380.72,51.69,41.68
2026-06-07 00:15:00,13.5225,27.595,152.885,154.45,55.7825,140.425,355.49,33.802499999999995,0,15,6,6,158,23,1,0.0,1.0,1.2246467991473532e-16,-1.0,-0.7818314824680299,0.6234898018587334,1058.81,1024.6100000000001,1009.77,1222.4391511535644,211.11599713413784,899.24,1528.56,1209.1333832005093,216.85160757167446,819.72,1685.1299999999999,933.9525000000001,108.13999999999999,109.125,34.19999999999982,10.75,30.66,17.22,32.32,34.86,162.1,152.89,173.19,176.03,66.96,70.71,146.21,141.89,396.41,375.53,50.96,40.64
2026-06-07 00:30:00,13.395,27.31,150.96,151.37,55.245000000000005,140.32999999999998,351.34000000000003,33.305,0,30,6,6,158,23,1,0.0,1.0,1.2246467991473532e-16,-1.0,-0.7818314824680299,0.6234898018587334,1040.96,1005.8699999999999,984.8699999999999,1222.0512288411458,211.45377226400777,899.24,1528.56,1209.1509419177828,216.83591797792718,819.72,1685.1299999999999,923.255,101.06000000000017,94.95999999999992,35.090000000000146,3.1499999999998636,30.41,16.52,32.49,35.43,160.84,147.53,167.83,168.62,66.96,69.69,143.63,139.68,389.16,367.85,49.64,39.55
2026-06-07 00:45:00,13.2675,27.025,149.03500000000003,148.29000000000002,54.7075,140.23499999999999,347.19,32.807500000000005,0,45,6,6,158,23,1,0.0,1.0,1.2246467991473532e-16,-1.0,-0.7818314824680299,0.6234898018587334,1026.26,983.77,970.52,1221.6012486521402,211.88871265217492,899.24,1528.56,1209.170126295544,216.81661477642012,819.72,1685.1299999999999,912.5575,97.13,91.34499999999991,42.49000000000001,4.4500000000000455,29.29,16.23,31.59,35.1,155.8,144.99,162.38,164.7,66.15,68.99,151.45,139.3,380.88,362.21,48.72,39.0
2026-06-07 01:00:00,13.14,26.74,147.11,145.21,54.17,140.14,343.04,32.31,1,0,6,6,158,23,1,0.25881904510252074,0.9659258262890683,1.2246467991473532e-16,-1.0,-0.7818314824680299,0.6234898018587334,1023.14,970.3999999999999,957.1500000000001,1221.205732676188,212.29223211036793,899.24,1528.56,1209.1965704418365,216.7885461914064,819.72,1685.1299999999999,901.8599999999999,104.7800000000002,88.71000000000015,52.74000000000012,4.460000000000036,28.53,16.18,31.0,34.42,153.04,141.63,157.93,159.97,65.58,68.99,161.07,139.69,377.85,357.91,48.14,38.36
2026-06-07 01:15:00,13.015,26.377499999999998,145.78750000000002,143.5175,53.99,139.86499999999998,340.2225,31.94,1,15,6,6,158,23,1,0.25881904510252074,0.9659258262890683,1.2246467991473532e-16,-1.0,-0.7818314824680299,0.6234898018587334,1010.52,961.7,944.79,1220.8856415812174,212.61693414210148,899.24,1528.56,1209.2490425473168,216.7317091327343,819.72,1685.1299999999999,894.7150000000001,98.65750000000003,83.64499999999998,48.819999999999936,4.959999999999923,28.57,15.99,30.64,34.32,150.09,139.2,154.86,155.85,64.39,67.91,159.51,140.13,373.89,353.77,48.57,37.62
2026-06-07 01:30:00,12.89,26.015,144.465,141.825,53.81,139.58999999999997,337.405,31.57,1,30,6,6,158,23,1,0.25881904510252074,0.9659258262890683,1.2246467991473532e-16,-1.0,-0.7818314824680299,0.6234898018587334,994.8,953.9599999999999,932.45,1220.5739269765218,212.95026933832244,899.24,1528.56,1209.302324389503,216.67098973240985,819.72,1685.1299999999999,887.57,89.43499999999995,78.60000000000014,40.84000000000003,4.309999999999945,28.62,15.66,29.97,33.52,148.42,134.84,150.78,154.14,64.34,67.39,155.98,140.82,368.76,348.77,47.93,37.31
2026-06-07 01:45:00,12.765,25.6525,143.14249999999998,140.1325,53.63,139.315,334.5875,31.2,1,45,6,6,158,23,1,0.25881904510252074,0.9659258262890683,1.2246467991473532e-16,-1.0,-0.7818314824680299,0.6234898018587334,983.1700000000001,934.1300000000001,924.27,1220.214474919637,213.3641002966676,899.24,1528.56,1209.3437568337577,216.62062656158497,819.72,1685.1299999999999,880.4250000000001,84.30250000000001,77.71500000000003,49.039999999999964,3.6200000000000045,28.0,14.84,29.55,33.27,146.75,133.83,149.13,152.21,63.81,66.93,154.96,141.41,364.23,344.82,46.74,36.96
2026-06-07 02:00:00,12.64,25.29,141.82,138.44,53.45,139.04,331.77,30.83,2,0,6,6,158,23,1,0.49999999999999994,0.8660254037844387,1.2246467991473532e-16,-1.0,-0.7818314824680299,0.6234898018587334,971.98,920.74,913.04,1219.9429674784342,213.68525843031225,899.24,1528.56,1209.3926188659668,216.55992280788996,819.72,1685.1299999999999,873.28,79.6099999999999,73.77999999999986,51.24000000000001,1.2099999999999227,27.51,15.26,30.1,32.98,144.6,133.05,147.01,148.95,62.3,66.21,153.43,138.87,360.55,341.49,46.48,36.23
2026-06-07 02:15:00,12.55,24.9675,140.9875,137.8025,53.040000000000006,138.95499999999998,330.3975,30.77,2,15,6,6,158,23,1,0.49999999999999994,0.8660254037844387,1.2246467991473532e-16,-1.0,-0.7818314824680299,0.6234898018587334,952.88,909.4000000000001,905.25,1219.6661391448974,214.02681606975347,899.24,1528.56,1209.440780294509,216.49750763789532,819.72,1685.1299999999999,869.47,63.47249999999997,69.92750000000001,43.479999999999905,3.7000000000000455,27.36,15.42,29.86,33.29,144.09,131.74,144.93,146.37,62.2,66.3,141.57,139.21,357.48,336.99,45.39,35.93
2026-06-07 02:30:00,12.46,24.645,140.155,137.165,52.63,138.87,329.025,30.71,2,30,6,6,158,23,1,0.49999999999999994,0.8660254037844387,1.2246467991473532e-16,-1.0,-0.7818314824680299,0.6234898018587334,938.02,906.19,895.99,1219.4677895609536,214.28533025452015,899.24,1528.56,1209.4833226158505,216.44044561020505,819.72,1685.1299999999999,865.66,51.57499999999993,64.60500000000002,31.829999999999927,2.8799999999999955,26.81,14.43,29.32,32.44,142.95,130.35,143.2,144.52,61.58,65.18,134.69,139.04,354.24,334.12,45.23,35.91
2026-06-07 02:45:00,12.37,24.322499999999998,139.3225,136.52749999999997,52.22,138.785,327.6525,30.65,2,45,6,6,158,23,1,0.49999999999999994,0.8660254037844387,1.2246467991473532e-16,-1.0,-0.7818314824680299,0.6234898018587334,936.49,903.27,890.6800000000001,1219.423742726644,214.34421795210096,899.24,1528.56,1209.5395748538062,216.36374684943704,819.72,1685.1299999999999,861.8499999999998,53.00750000000005,63.232500000000186,33.22000000000003,3.9600000000000364,26.73,14.32,29.09,32.09,144.73,129.17,142.08,144.0,61.02,64.31,135.83,138.77,352.08,332.44,44.93,35.58
2026-06-07 03:00:00,12.28,24.0,138.49,135.89,51.81,138.7,326.28,30.59,3,0,6,6,158,23,1,0.7071067811865475,0.7071067811865476,1.2246467991473532e-16,-1.0,-0.7818314824680299,0.6234898018587334,926.48,893.28,882.36,1219.4230852254232,214.34509508259728,899.24,1528.56,1209.6076505679175,216.27044947585904,819.72,1685.1299999999999,858.04,45.960000000000036,58.85000000000002,33.200000000000045,-1.8699999999997772,25.88,14.18,28.94,31.75,141.82,127.43,140.12,142.88,59.42,63.69,136.68,139.43,349.27,328.11,44.35,34.89
2026-06-07 03:15:00,12.2525,24.03,137.735,135.7,52.72,138.7,324.8425,30.6525,3,15,6,6,158,23,1,0.7071067811865475,0.7071067811865476,1.2246467991473532e-16,-1.0,-0.7818314824680299,0.6234898018587334,927.1800000000001,886.87,879.1600000000001,1219.4060276031494,214.36871679775084,899.24,1528.56,1209.6708685266403,216.1808396956298,819.72,1685.1299999999999,856.6325,44.985000000000014,57.02499999999998,40.31000000000006,0.6200000000000045,25.67,14.01,28.57,32.16,139.84,127.0,138.61,141.21,59.73,63.51,142.32,138.97,348.05,327.45,44.39,34.85
2026-06-07 03:30:00,12.225,24.060000000000002,136.98000000000002,135.51,53.63,138.7,323.405,30.715,3,30,6,6,158,23,1,0.7071067811865475,0.7071067811865476,1.2246467991473532e-16,-1.0,-0.7818314824680299,0.6234898018587334,920.1299999999999,891.1299999999999,876.49,1219.3286641947427,214.47660120248355,899.24,1528.56,1209.731274944487,216.09400286138538,819.72,1685.1299999999999,855.225,36.25999999999988,55.729999999999905,29.0,6.980000000000018,25.36,13.57,28.54,32.06,139.87,127.14,137.51,141.29,59.74,62.85,138.7,138.51,345.94,325.89,44.47,35.18
2026-06-07 03:45:00,12.1975,24.09,136.225,135.32,54.540000000000006,138.7,321.9675,30.7775,3,45,6,6,158,23,1,0.7071067811865475,0.7071067811865476,1.2246467991473532e-16,-1.0,-0.7818314824680299,0.6234898018587334,905.1800000000001,884.81,870.75,1219.34638033549,214.45169551732286,899.24,1528.56,1209.7987462979272,215.99685594378096,819.72,1685.1299999999999,853.8175,19.63499999999999,51.36500000000001,20.37000000000012,4.509999999999991,25.31,13.49,28.23,31.58,139.77,126.46,137.64,139.96,59.81,62.61,127.93,137.82,343.07,323.65,43.42,35.18
2026-06-07 04:00:00,12.17,24.12,135.47,135.13,55.45,138.7,320.53,30.84,4,0,6,6,158,23,1,0.8660254037844386,0.5000000000000001,1.2246467991473532e-16,-1.0,-0.7818314824680299,0.6234898018587334,899.24,894.3000000000001,871.61,1219.5313256835936,214.18539379297502,899.24,1528.56,1209.8764021809895,215.8841297868617,819.72,1685.1299999999999,852.41,12.019999999999982,53.60000000000002,4.939999999999941,4.540000000000077,24.97,13.56,28.11,30.77,140.95,127.3,137.26,140.27,58.62,61.67,123.37,139.0,342.25,323.86,43.71,35.18
2026-06-07 04:15:00,12.0075,24.392500000000002,137.51,136.235,55.075,138.7325,321.54499999999996,30.927500000000002,4,15,6,6,158,23,1,0.8660254037844386,0.5000000000000001,1.2246467991473532e-16,-1.0,-0.7818314824680299,0.6234898018587334,910.4,888.86,868.64,1219.7245482635497,213.90158751930448,903.46,1528.56,1209.945121478126,215.7836202374596,819.72,1685.1299999999999,856.425,13.964999999999918,47.39749999999992,21.539999999999964,3.32000000000005,24.45,13.02,28.56,31.3,141.8,126.36,137.83,139.73,59.4,62.5,130.87,138.67,342.57,321.87,44.92,35.19
2026-06-07 04:30:00,11.844999999999999,24.665,139.55,137.34,54.7,138.765,322.55999999999995,31.015,4,30,6,6,158,23,1,0.8660254037844386,0.5000000000000001,1.2246467991473532e-16,-1.0,-0.7818314824680299,0.6234898018587334,903.46,888.14,869.6899999999999,1219.721680501302,213.90578006789443,903.46,1528.56,1210.0068546549478,215.6917458889349,819.72,1685.1299999999999,860.4399999999999,-2.189999999999827,45.21499999999992,15.32000000000005,5.53999999999985,24.26,12.94,28.6,31.73,141.61,127.07,138.0,140.38,58.62,61.71,125.36,138.33,341.86,322.37,45.15,35.16
2026-06-07 04:45:00,11.6825,24.9375,141.59,138.445,54.325,138.7975,323.575,31.1025,4,45,6,6,158,23,1,0.8660254037844386,0.5000000000000001,1.2246467991473532e-16,-1.0,-0.7818314824680299,0.6234898018587334,910.63,892.34,867.49,1219.8564883168538,213.7083543210266,910.1246948242188,1528.56,1210.0763658905028,215.58941073919357,819.72,1685.1299999999999,864.4549999999999,-4.235000000000014,39.78250000000003,18.289999999999964,4.1200000000000045,24.45,12.98,28.6,31.31,142.14,126.42,139.82,139.39,59.9,61.94,127.6,139.04,342.63,321.3,45.49,35.11
2026-06-07 05:00:00,11.52,25.21,143.63,139.55,53.95,138.83,324.59,31.19,5,0,6,6,158,23,1,0.9659258262890683,0.25881904510252074,1.2246467991473532e-16,-1.0,-0.7818314824680299,0.6234898018587334,919.4499999999999,910.8799999999999,872.47,1220.182491124471,213.25506719204247,910.1246948242188,1528.56,1210.1871341487338,215.4321951353308,819.72,1685.1299999999999,868.47,-4.6299999999999955,41.52999999999997,8.57000000000005,6.159999999999968,24.54,12.92,29.2,31.59,145.91,129.26,140.95,140.07,62.21,63.23,124.98,138.85,345.65,321.04,46.01,35.51
2026-06-07 05:15:00,11.32,24.802500000000002,141.075,138.52,53.3575,137.4925,317.6875,30.525000000000002,5,15,6,6,158,23,1,0.9659258262890683,0.25881904510252074,1.2246467991473532e-16,-1.0,-0.7818314824680299,0.6234898018587334,915.8599999999999,910.25,875.43,1220.4042014567058,212.94996574911457,910.1246948242188,1528.56,1210.2887177676246,215.28875937274384,819.72,1685.1299999999999,854.78,-4.827500000000214,55.11250000000007,5.6099999999999,10.43999999999994,24.22,12.62,27.86,32.52,150.58,129.36,141.55,142.15,61.99,63.97,117.41,139.55,345.61,319.54,46.64,35.72
2026-06-07 05:30:00,11.120000000000001,24.395,138.51999999999998,137.49,52.765,136.155,310.78499999999997,29.86,5,30,6,6,158,23,1,0.9659258262890683,0.25881904510252074,1.2246467991473532e-16,-1.0,-0.7818314824680299,0.6234898018587334,922.78,913.2,879.38,1220.5400134277345,212.75776454222586,910.1246948242188,1528.56,1210.368283168248,215.1746694238778,819.72,1685.1299999999999,841.0899999999999,5.485000000000014,69.68500000000017,9.579999999999927,9.399999999999977,24.09,12.52,28.35,32.68,153.22,131.33,144.62,144.08,63.16,62.7,117.58,139.45,346.24,320.81,45.52,35.81
2026-06-07 05:45:00,10.92,23.987499999999997,135.965,136.46,52.1725,134.8175,303.8825,29.195,5,45,6,6,158,23,1,0.9659258262890683,0.25881904510252074,1.2246467991473532e-16,-1.0,-0.7818314824680299,0.6234898018587334,947.6199999999999,920.08,879.1500000000001,1220.6249460601807,212.63924233085777,910.1246948242188,1528.56,1210.4449997347879,215.06564839019887,819.72,1685.1299999999999,827.4,33.71749999999986,80.07749999999999,27.53999999999985,7.870000000000118,24.16,12.63,30.04,31.8,155.47,133.13,147.54,144.83,63.61,62.23,131.14,138.84,348.07,319.88,47.59,35.81
2026-06-07 06:00:00,10.72,23.58,133.41,135.43,51.58,133.48,296.98,28.53,6,0,6,6,158,23,1,1.0,6.123233995736766e-17,1.2246467991473532e-16,-1.0,-0.7818314824680299,0.6234898018587334,961.1300000000001,935.66,888.01,1220.3461208852132,213.01820250084603,910.1246948242188,1528.56,1210.5070574478875,214.97590794517296,819.72,1685.1299999999999,813.7099999999999,50.62000000000023,99.56000000000006,25.47000000000014,6.830000000000041,23.88,12.54,30.68,32.91,160.8,135.13,152.33,149.45,63.98,62.09,132.22,137.38,348.61,322.32,48.63,36.19
2026-06-07 06:15:00,10.940000000000001,23.955,135.89249999999998,138.98000000000002,51.2675,133.3725,303.9825,28.8675,6,15,6,6,158,23,1,1.0,6.123233995736766e-17,1.2246467991473532e-16,-1.0,-0.7818314824680299,0.6234898018587334,981.5899999999999,925.2299999999999,879.5,1220.1631311798096,213.25064021056914,910.1246948242188,1528.56,1210.589725585211,214.86235950644442,819.72,1685.1299999999999,827.2574999999999,50.18999999999983,83.31499999999994,56.360000000000014,3.7100000000000364,23.78,12.37,31.59,33.1,162.76,137.44,163.55,150.43,65.04,62.7,135.72,137.3,350.15,309.57,49.0,36.59
2026-06-07 06:30:00,11.16,24.33,138.375,142.53,50.955,133.265,310.985,29.205,6,30,6,6,158,23,1,1.0,6.123233995736766e-17,1.2246467991473532e-16,-1.0,-0.7818314824680299,0.6234898018587334,945.26,884.5699999999999,842.01,1219.5912021636962,213.9696328397465,910.1246948242188,1528.56,1210.659941082909,214.76168672668172,819.72,1685.1299999999999,840.805,-7.029999999999973,38.090000000000146,60.690000000000055,-12.799999999999955,23.09,12.19,31.21,30.83,157.39,127.68,159.48,144.24,61.57,59.76,130.05,133.8,334.69,297.75,47.78,35.76
2026-06-07 06:45:00,11.379999999999999,24.705,140.85750000000002,146.07999999999998,50.6425,133.1575,317.9875,29.5425,6,45,6,6,158,23,1,1.0,6.123233995736766e-17,1.2246467991473532e-16,-1.0,-0.7818314824680299,0.6234898018587334,934.21,870.8499999999999,819.72,1219.288424021403,214.38207990879303,910.1246948242188,1528.56,1210.7703328959146,214.59090881117595,819.72,1685.1299999999999,854.3525,-38.9699999999998,8.065000000000055,63.36000000000013,-8.529999999999973,22.61,11.63,29.85,30.28,155.12,122.77,154.22,139.0,60.49,56.95,131.33,133.15,333.12,293.14,47.47,32.8
2026-06-07 07:00:00,11.6,25.08,143.34,149.63,50.33,133.05,324.99,29.88,7,0,6,6,158,23,1,0.9659258262890683,-0.25881904510252063,1.2246467991473532e-16,-1.0,-0.7818314824680299,0.6234898018587334,951.7199999999999,887.3599999999999,826.7900000000001,1219.0883230336506,214.65975391231495,910.1246948242188,1528.56,1210.9121190643311,214.36350261811066,826.7900000000001,1685.1299999999999,867.9,-42.35000000000002,7.399999999999977,64.36000000000001,0.2800000000000864,22.38,11.17,30.03,31.18,157.33,123.56,157.29,141.31,61.77,56.34,135.75,133.13,340.53,297.07,46.64,33.03
2026-06-07 07:15:00,11.8475,25.542499999999997,145.995,155.23,50.6875,133.85250000000002,328.8625,30.4775,7,15,6,6,158,23,1,0.9659258262890683,-0.25881904510252063,1.2246467991473532e-16,-1.0,-0.7818314824680299,0.6234898018587334,975.48,915.02,842.28,1218.6090212758381,215.31340450125356,905.70703125,1528.56,1211.0295551227387,214.17428633982414,842.28,1685.1299999999999,882.4949999999999,-42.43249999999989,9.06000000000006,60.460000000000036,4.739999999999895,22.63,11.49,29.34,31.03,159.82,128.14,164.06,146.86,62.62,57.81,141.6,132.64,348.3,300.75,47.11,33.56
2026-06-07 07:30:00,12.094999999999999,26.005,148.65,160.82999999999998,51.045,134.655,332.735,31.075000000000003,7,30,6,6,158,23,1,0.9659258262890683,-0.25881904510252063,1.2246467991473532e-16,-1.0,-0.7818314824680299,0.6234898018587334,1000.8100000000001,935.0,855.3599999999999,1217.865476811727,216.28290934261534,904.0997314453125,1528.56,1211.1215487707227,214.02888965655623,855.3599999999999,1685.1299999999999,897.09,-40.94500000000005,8.309999999999832,65.81000000000006,0.6899999999998272,22.57,11.82,30.4,32.36,163.68,130.13,170.69,153.23,62.6,58.33,148.11,132.35,354.27,303.74,48.49,33.4
2026-06-07 07:45:00,12.3425,26.4675,151.305,166.43,51.402499999999996,135.45749999999998,336.6075,31.672500000000003,7,45,6,6,158,23,1,0.9659258262890683,-0.25881904510252063,1.2246467991473532e-16,-1.0,-0.7818314824680299,0.6234898018587334,1041.54,970.9399999999999,865.45,1217.0933114878337,217.19638521063814,904.0997314453125,1528.56,1211.227682891119,213.86983400459465,864.8299999999999,1685.1299999999999,911.6850000000001,-24.05750000000012,4.57000000000005,70.60000000000002,2.0399999999999636,23.21,12.01,31.15,33.11,166.97,131.93,178.11,157.75,62.63,55.34,165.81,133.58,364.0,307.66,49.66,34.07
2026-06-07 08:00:00,12.59,26.93,153.96,172.03,51.76,136.26,340.48,32.27,8,0,6,6,158,23,1,0.8660254037844387,-0.49999999999999983,1.2246467991473532e-16,-1.0,-0.7818314824680299,0.6234898018587334,1041.98,972.8899999999999,889.82,1216.018260269165,218.32693640774372,904.0997314453125,1528.56,1211.3361428360713,213.71264157704977,864.8299999999999,1685.1299999999999,926.28,-47.45999999999981,15.110000000000014,69.09000000000015,1.5500000000000682,23.62,12.46,32.91,33.35,174.02,135.77,184.02,166.42,63.74,55.93,130.33,135.84,383.56,315.16,49.78,34.89
2026-06-07 08:15:00,12.7475,27.205,156.0,175.5375,52.06,136.8675,344.9125,32.49,8,15,6,6,158,23,1,0.8660254037844387,-0.49999999999999983,1.2246467991473532e-16,-1.0,-0.7818314824680299,0.6234898018587334,1070.9,1000.63,911.8,1214.9490894317626,219.4366923551321,904.0997314453125,1528.56,1211.4098327164422,213.61012773875538,864.8299999999999,1685.1299999999999,937.82,-30.627500000000055,23.582499999999868,70.2700000000001,12.430000000000064,24.11,12.99,33.76,34.73,176.92,138.23,192.43,172.1,65.07,58.33,132.52,136.85,396.33,322.79,49.76,35.78
2026-06-07 08:30:00,12.905000000000001,27.48,158.04000000000002,179.04500000000002,52.36,137.475,349.345,32.71,8,30,6,6,158,23,1,0.8660254037844387,-0.49999999999999983,1.2246467991473532e-16,-1.0,-0.7818314824680299,0.6234898018587334,1104.6399999999999,1035.82,923.8799999999999,1213.9298470815022,220.33820563096396,904.0997314453125,1528.56,1211.500982618786,213.49512790743174,864.8299999999999,1685.1299999999999,949.3600000000001,-8.975000000000136,22.154999999999973,68.81999999999994,7.089999999999918,24.75,12.95,33.64,34.72,181.06,139.4,198.2,178.0,66.62,58.64,135.59,137.96,412.6,325.25,52.18,36.96
2026-06-07 08:45:00,13.0625,27.755000000000003,160.08,182.5525,52.66,138.08249999999998,353.7775,32.93,8,45,6,6,158,23,1,0.8660254037844387,-0.49999999999999983,1.2246467991473532e-16,-1.0,-0.7818314824680299,0.6234898018587334,1125.49,1060.35,935.3000000000001,1212.649678700765,221.33462657021025,904.0997314453125,1528.56,1211.587089516776,213.390594909279,864.8299999999999,1685.1299999999999,960.9,-0.21250000000009095,20.06750000000011,65.1400000000001,3.439999999999941,25.43,13.47,32.81,34.77,182.63,141.02,202.7,183.2,66.5,59.45,140.94,136.65,421.55,329.26,52.93,37.48
2026-06-07 09:00:00,13.22,28.03,162.12,186.06,52.96,138.69,358.21,33.15,9,0,6,6,158,23,1,0.7071067811865476,-0.7071067811865475,1.2246467991473532e-16,-1.0,-0.7818314824680299,0.6234898018587334,1184.01,1091.92,944.4300000000001,1211.5139116160074,222.06513457111296,904.0997314453125,1528.56,1211.7078579094295,213.25692056684358,864.8299999999999,1685.1299999999999,972.4399999999999,46.22000000000003,15.690000000000055,92.08999999999992,-1.7099999999999227,25.31,13.74,32.69,34.69,187.85,141.66,210.14,186.58,69.08,58.63,169.81,139.7,436.42,332.19,52.71,37.24
2026-06-07 09:15:00,13.415000000000001,28.0825,162.8,187.9475,53.09,139.1,360.53499999999997,33.3125,9,15,6,6,158,23,1,0.7071067811865476,-0.7071067811865475,1.2246467991473532e-16,-1.0,-0.7818314824680299,0.6234898018587334,1215.97,1108.33,965.6299999999999,1209.637678934733,223.0586509718286,904.0997314453125,1528.56,1211.7963425263904,213.1581693545736,864.8299999999999,1685.1299999999999,978.2825,73.82499999999982,31.704999999999927,107.6400000000001,8.069999999999936,26.2,13.87,33.52,36.89,191.08,145.57,214.78,192.75,72.79,59.55,180.42,140.64,443.61,338.9,53.57,37.46
2026-06-07 09:30:00,13.61,28.134999999999998,163.48000000000002,189.835,53.22,139.51,362.86,33.474999999999994,9,30,6,6,158,23,1,0.7071067811865476,-0.7071067811865475,1.2246467991473532e-16,-1.0,-0.7818314824680299,0.6234898018587334,1224.06,1130.08,977.3,1207.5565800730387,223.92923284573254,904.0997314453125,1528.56,1211.8715724509104,213.08006717039186,864.8299999999999,1685.1299999999999,984.1250000000001,77.55999999999995,38.18999999999994,93.98000000000002,8.399999999999864,26.13,13.78,33.68,36.52,190.43,148.32,219.05,196.37,74.01,60.37,174.8,141.93,452.4,341.75,53.56,38.26
2026-06-07 09:45:00,13.805,28.1875,164.16,191.72250000000003,53.349999999999994,139.92000000000002,365.185,33.637499999999996,9,45,6,6,158,23,1,0.7071067811865476,-0.7071067811865475,1.2246467991473532e-16,-1.0,-0.7818314824680299,0.6234898018587334,1254.85,1150.3,981.83,1205.545092086792,224.6455733928996,904.0997314453125,1528.56,1211.951419405256,213.00207489067716,864.8299999999999,1685.1299999999999,989.9675,103.99500000000012,37.53500000000008,104.54999999999995,2.82000000000005,26.78,13.97,33.54,36.99,193.15,148.14,221.54,198.3,72.98,60.91,194.56,140.02,458.82,345.43,53.48,38.07
2026-06-07 10:00:00,14.0,28.24,164.84,193.61,53.48,140.33,367.51,33.8,10,0,6,6,158,23,1,0.49999999999999994,-0.8660254037844387,1.2246467991473532e-16,-1.0,-0.7818314824680299,0.6234898018587334,1279.3700000000001,1160.17,993.0799999999999,1203.5289009857177,225.06658383421467,904.0997314453125,1528.56,1212.0696718670074,212.89616003636257,864.8299999999999,1685.1299999999999,995.81,124.16000000000031,43.59999999999991,119.20000000000005,4.669999999999959,26.97,14.49,33.88,37.46,191.84,150.44,226.03,200.77,74.46,60.88,203.73,139.28,468.66,351.24,53.8,38.52
2026-06-07 10:15:00,14.1275,28.314999999999998,165.535,194.925,53.42,140.34750000000003,365.31,33.925,10,15,6,6,158,23,1,0.49999999999999994,-0.8660254037844387,1.2246467991473532e-16,-1.0,-0.7818314824680299,0.6234898018587334,1296.6599999999999,1176.93,1003.81,1201.1597069040934,225.45659348375148,904.0997314453125,1528.56,1212.1572423553466,212.8180373615507,864.8299999999999,1685.1299999999999,995.905,142.2299999999998,50.942499999999995,119.72999999999979,7.279999999999973,27.43,14.24,34.26,38.31,193.61,151.61,228.27,202.89,75.82,61.69,207.48,139.85,473.98,356.61,55.81,38.61
2026-06-07 10:30:00,14.254999999999999,28.39,166.23000000000002,196.24,53.36,140.365,363.11,34.05,10,30,6,6,158,23,1,0.49999999999999994,-0.8660254037844387,1.2246467991473532e-16,-1.0,-0.7818314824680299,0.6234898018587334,1307.94,1194.37,1007.63,1198.6803117116292,225.70395467407064,904.0997314453125,1528.56,1212.2388317326138,212.74854148236528,864.8299999999999,1685.1299999999999,996.0,154.28999999999996,51.375,113.57000000000016,6.410000000000082,28.84,14.0,33.77,37.58,193.94,151.14,230.16,204.95,74.81,62.59,212.29,142.24,479.2,356.3,54.93,38.83
2026-06-07 10:45:00,14.3825,28.465,166.925,197.555,53.3,140.3825,360.90999999999997,34.175,10,45,6,6,158,23,1,0.49999999999999994,-0.8660254037844387,1.2246467991473532e-16,-1.0,-0.7818314824680299,0.6234898018587334,1348.55,1212.6100000000001,1021.4699999999999,1196.0852513885498,225.8666232076248,904.0997314453125,1528.56,1212.314998710269,212.68433211069262,864.8299999999999,1685.1299999999999,996.0949999999999,195.67999999999984,61.82749999999987,135.93999999999983,9.349999999999909,29.55,14.55,33.56,38.05,194.69,157.19,231.68,206.63,75.03,63.55,238.74,143.04,487.8,359.15,57.5,39.31
2026-06-07 11:00:00,14.51,28.54,167.62,198.87,53.24,140.4,358.71,34.3,11,0,6,6,158,23,1,0.258819045102521,-0.9659258262890682,1.2246467991473532e-16,-1.0,-0.7818314824680299,0.6234898018587334,1356.6499999999999,1228.97,1021.7500000000001,1193.2045184071858,225.66508868093104,904.0997314453125,1528.56,1212.3901916176933,212.6256838725202,864.8299999999999,1685.1299999999999,996.19,204.55999999999995,58.72000000000003,127.67999999999984,9.43999999999994,29.94,14.65,34.41,37.84,193.48,155.72,233.59,209.12,74.48,63.0,241.42,142.95,493.02,359.16,56.31,39.31
2026-06-07 11:15:00,14.5725,28.4175,167.1,198.72750000000002,53.085,140.21,358.53,34.1075,11,15,6,6,158,23,1,0.258819045102521,-0.9659258262890682,1.2246467991473532e-16,-1.0,-0.7818314824680299,0.6234898018587334,1368.74,1238.0700000000002,1032.2900000000002,1190.3630511220297,225.30246956349993,904.0997314453125,1528.56,1212.4826308150518,212.55617118000853,864.8299999999999,1685.1299999999999,994.7499999999999,225.1975,70.75250000000028,130.66999999999985,13.330000000000155,30.02,15.16,34.36,38.76,195.47,157.4,235.88,211.32,77.42,62.45,240.28,141.58,497.63,366.0,57.68,39.62
2026-06-07 11:30:00,14.635,28.295,166.57999999999998,198.585,52.93,140.01999999999998,358.35,33.915,11,30,6,6,158,23,1,0.258819045102521,-0.9659258262890682,1.2246467991473532e-16,-1.0,-0.7818314824680299,0.6234898018587334,1369.67,1241.59,1037.0,1187.449867172241,224.77920428765242,904.0997314453125,1528.56,1212.567131322225,212.49570840562657,864.8299999999999,1685.1299999999999,993.3100000000001,234.67500000000018,76.95500000000004,128.08000000000015,19.220000000000027,30.71,15.89,34.45,38.14,196.52,158.82,236.46,212.0,76.66,64.35,240.31,140.85,498.1,366.87,56.46,40.08
2026-06-07 11:45:00,14.6975,28.1725,166.06,198.4425,52.775,139.82999999999998,358.17,33.7225,11,45,6,6,158,23,1,0.258819045102521,-0.9659258262890682,1.2246467991473532e-16,-1.0,-0.7818314824680299,0.6234898018587334,1364.96,1232.94,1037.54,1184.5618048350016,224.19369313538928,904.0997314453125,1528.56,1212.6495956311908,212.43821863391662,864.8299999999999,1685.1299999999999,991.87,238.51250000000005,78.98749999999995,132.01999999999998,14.209999999999923,31.16,15.82,34.25,38.33,195.41,159.86,235.79,212.3,75.94,63.17,236.62,141.44,497.81,366.96,57.98,39.66
2026-06-07 12:00:00,14.76,28.05,165.54,198.3,52.62,139.64,357.99,33.53,12,0,6,6,158,23,1,1.2246467991473532e-16,-1.0,1.2246467991473532e-16,-1.0,-0.7818314824680299,0.6234898018587334,1389.32,1236.71,1039.74,1181.7268536631266,223.6084796598692,904.0997314453125,1528.56,1212.7318347494943,212.3810184890581,864.8299999999999,1685.1299999999999,990.43,271.4200000000001,82.67999999999995,152.6099999999999,13.029999999999973,31.46,16.03,34.48,38.08,193.83,160.36,237.39,212.82,73.95,63.91,263.95,142.41,496.24,366.17,58.02,39.96
2026-06-07 12:15:00,14.969999999999999,28.2425,165.8,197.7975,52.754999999999995,139.65249999999997,357.77,33.5125,12,15,6,6,158,23,1,1.2246467991473532e-16,-1.0,1.2246467991473532e-16,-1.0,-0.7818314824680299,0.6234898018587334,1396.2399999999998,1236.96,1032.4299999999998,1178.5902589670816,222.77621654659336,904.0997314453125,1528.56,1212.8039581262497,212.33040741380813,864.8299999999999,1685.1299999999999,990.5,279.0749999999998,75.18999999999971,159.27999999999975,9.009999999999764,31.11,15.81,33.43,38.07,191.92,156.06,237.1,212.81,74.7,62.34,278.59,142.62,494.87,365.51,54.52,39.21
2026-06-07 12:30:00,15.18,28.435000000000002,166.06,197.29500000000002,52.89,139.665,357.55,33.495000000000005,12,30,6,6,158,23,1,1.2246467991473532e-16,-1.0,1.2246467991473532e-16,-1.0,-0.7818314824680299,0.6234898018587334,1392.9,1233.41,1035.38,1175.3100477345786,221.8541809005072,904.0997314453125,1528.56,1212.876740450178,212.27686278598318,864.8299999999999,1685.1299999999999,990.57,276.47000000000025,77.96000000000004,159.49,11.730000000000132,31.65,16.21,33.7,37.21,191.26,157.46,234.65,212.67,73.52,62.0,277.91,143.68,496.65,366.97,53.56,39.18
2026-06-07 12:45:00,15.39,28.6275,166.32,196.7925,53.025,139.6775,357.33000000000004,33.4775,12,45,6,6,158,23,1,1.2246467991473532e-16,-1.0,1.2246467991473532e-16,-1.0,-0.7818314824680299,0.6234898018587334,1395.94,1233.13,1035.31,1172.1339590199789,220.88676337870638,904.0997314453125,1528.56,1212.9550373004731,212.22099285037484,864.8299999999999,1685.1299999999999,990.64,280.2450000000001,77.70999999999981,162.80999999999995,13.8599999999999,31.69,16.39,33.49,38.42,190.68,156.84,232.83,211.08,73.37,61.71,283.82,142.58,497.24,369.42,52.82,38.87
2026-06-07 13:00:00,15.6,28.82,166.58,196.29,53.16,139.69,357.11,33.46,13,0,6,6,158,23,1,-0.2588190451025208,-0.9659258262890683,1.2246467991473532e-16,-1.0,-0.7818314824680299,0.6234898018587334,1422.28,1241.8799999999999,1042.21,1168.9305549367268,219.83429884208545,904.0997314453125,1528.56,1213.0340599314372,212.16462561698634,864.8299999999999,1685.1299999999999,990.7099999999999,307.31999999999994,84.43000000000006,180.4000000000001,20.420000000000073,31.73,17.22,33.83,36.94,188.34,161.61,232.3,210.5,73.17,63.28,311.56,143.59,499.65,370.46,51.7,38.61
2026-06-07 13:15:00,15.66,29.1475,166.95250000000001,197.6025,53.535,140.2,357.51250000000005,33.805,13,15,6,6,158,23,1,-0.2588190451025208,-0.9659258262890683,1.2246467991473532e-16,-1.0,-0.7818314824680299,0.6234898018587334,1430.8899999999999,1250.53,1038.17,1165.3987966156005,218.440339910189,904.0997314453125,1528.56,1213.095103385562,212.1213001483608,864.8299999999999,1685.1299999999999,994.4150000000001,314.7349999999999,75.30250000000012,180.3599999999999,11.13000000000011,31.66,17.13,34.25,38.85,190.92,157.22,232.33,210.53,72.54,65.01,314.34,141.19,501.38,370.18,53.47,38.06
2026-06-07 13:30:00,15.719999999999999,29.475,167.325,198.915,53.91,140.70999999999998,357.915,34.150000000000006,13,30,6,6,158,23,1,-0.2588190451025208,-0.9659258262890683,1.2246467991473532e-16,-1.0,-0.7818314824680299,0.6234898018587334,1427.31,1256.08,1046.74,1161.9082203420003,216.8246144993919,904.0997314453125,1528.56,1213.1808543940951,212.0621197512557,864.8299999999999,1685.1299999999999,998.1199999999998,309.96000000000004,78.78499999999997,171.23000000000002,19.839999999999918,32.36,17.65,35.92,39.11,193.64,161.04,232.25,210.66,73.21,63.98,301.95,142.71,503.92,373.19,54.06,38.4
2026-06-07 13:45:00,15.78,29.8025,167.6975,200.2275,54.285,141.22,358.3175,34.495000000000005,13,45,6,6,158,23,1,-0.2588190451025208,-0.9659258262890683,1.2246467991473532e-16,-1.0,-0.7818314824680299,0.6234898018587334,1427.08,1253.5500000000002,1047.26,1158.4563865915934,215.1865144817167,904.0997314453125,1528.56,1213.2540596916563,212.0130629709695,864.8299999999999,1685.1299999999999,1001.8249999999999,308.53499999999985,74.21749999999997,173.52999999999975,22.299999999999955,32.5,17.79,36.52,38.42,191.15,160.06,231.99,210.16,73.67,64.32,301.9,145.01,504.88,372.36,54.47,39.14
2026-06-07 14:00:00,15.84,30.13,168.07,201.54,54.66,141.73,358.72,34.84,14,0,6,6,158,23,1,-0.4999999999999998,-0.8660254037844388,1.2246467991473532e-16,-1.0,-0.7818314824680299,0.6234898018587334,1428.63,1261.73,1049.6999999999998,1155.1387350209554,213.44959301837096,904.0997314453125,1528.56,1213.3453178006125,211.95469694125742,864.8299999999999,1685.1299999999999,1005.5300000000001,308.8900000000001,71.56999999999994,166.9000000000001,19.019999999999754,32.76,18.3,36.72,39.56,191.79,161.65,233.13,211.64,72.65,61.99,300.61,144.75,505.93,372.95,55.04,38.86
2026-06-07 14:15:00,16.1075,30.415,169.045,203.215,54.519999999999996,141.83249999999998,359.7425,35.27,14,15,6,6,158,23,1,-0.4999999999999998,-0.8660254037844388,1.2246467991473532e-16,-1.0,-0.7818314824680299,0.6234898018587334,1440.6000000000001,1298.19,1051.43,1151.6719941457113,211.6560361387313,904.0997314453125,1528.56,1213.4139530327207,211.90908914702166,864.8299999999999,1685.1299999999999,1010.1475,319.58000000000015,68.02749999999992,142.41000000000008,15.039999999999964,33.03,18.77,37.8,39.83,194.12,158.49,234.46,213.41,74.0,62.94,301.16,144.36,510.75,374.13,55.28,39.5
2026-06-07 14:30:00,16.375,30.7,170.01999999999998,204.89,54.379999999999995,141.935,360.765,35.7,14,30,6,6,158,23,1,-0.4999999999999998,-0.8660254037844388,1.2246467991473532e-16,-1.0,-0.7818314824680299,0.6234898018587334,1438.95,1338.4499999999998,1060.23,1148.1664816538494,209.5971863249586,904.0997314453125,1528.56,1213.4922875576926,211.85884442770887,864.8299999999999,1685.1299999999999,1014.765,316.6500000000001,71.55499999999995,100.50000000000023,19.11999999999989,33.49,18.53,38.33,40.63,192.79,158.57,235.34,216.81,74.61,63.57,297.36,145.78,512.23,376.64,54.8,39.7
2026-06-07 14:45:00,16.6425,30.985,170.995,206.565,54.24,142.0375,361.7875,36.13,14,45,6,6,158,23,1,-0.4999999999999998,-0.8660254037844388,1.2246467991473532e-16,-1.0,-0.7818314824680299,0.6234898018587334,1423.86,1367.87,1064.3600000000001,1144.7790477752685,207.46516713953054,904.0997314453125,1528.56,1213.5719398607525,211.81119348180619,864.8299999999999,1685.1299999999999,1019.3825,300.2800000000002,70.41250000000014,55.99000000000001,24.080000000000155,33.8,19.3,38.91,40.92,193.93,159.81,232.08,218.55,74.89,62.79,281.86,146.71,511.82,376.08,56.57,40.2
2026-06-07 15:00:00,16.91,31.27,171.97,208.24,54.1,142.14,362.81,36.56,15,0,6,6,158,23,1,-0.7071067811865471,-0.7071067811865479,1.2246467991473532e-16,-1.0,-0.7818314824680299,0.6234898018587334,1418.51,1368.69,1068.04,1141.5373064422608,205.4803779195424,904.0997314453125,1528.56,1213.6438041941324,211.768680927766,864.8299999999999,1685.1299999999999,1024.0,293.64999999999986,68.82000000000005,49.819999999999936,27.25999999999999,33.94,18.69,38.63,40.96,196.67,159.36,231.46,221.92,75.2,63.59,272.04,146.19,514.01,376.56,56.56,40.77
2026-06-07 15:15:00,16.8075,31.4525,172.5925,210.0075,54.485,142.43,364.4825,36.8425,15,15,6,6,158,23,1,-0.7071067811865471,-0.7071067811865479,1.2246467991473532e-16,-1.0,-0.7818314824680299,0.6234898018587334,1416.25,1381.75,1073.21,1138.3702024586994,203.49999568848548,904.0997314453125,1528.56,1213.7128935060045,211.72867681136933,864.8299999999999,1685.1299999999999,1029.1000000000001,291.2800000000002,69.56000000000006,34.5,19.089999999999918,34.06,18.94,38.96,43.14,193.86,160.86,233.5,223.41,75.23,63.65,269.19,145.19,514.72,376.6,56.73,41.42
2026-06-07 15:30:00,16.705,31.634999999999998,173.215,211.775,54.870000000000005,142.72,366.155,37.125,15,30,6,6,158,23,1,-0.7071067811865471,-0.7071067811865479,1.2246467991473532e-16,-1.0,-0.7818314824680299,0.6234898018587334,1411.2,1374.47,1076.64,1135.1958720652262,201.48658855758043,904.0997314453125,1528.56,1213.7698939259847,211.69594853369418,864.8299999999999,1685.1299999999999,1034.2,286.1199999999999,68.56000000000006,36.73000000000002,19.960000000000264,34.02,18.95,39.04,41.48,192.86,159.54,234.51,226.08,75.76,65.84,262.35,146.47,515.35,376.86,57.31,41.42
2026-06-07 15:45:00,16.6025,31.8175,173.8375,213.54250000000002,55.255,143.01,367.8275,37.4075,15,45,6,6,158,23,1,-0.7071067811865471,-0.7071067811865479,1.2246467991473532e-16,-1.0,-0.7818314824680299,0.6234898018587334,1403.1799999999998,1368.2800000000002,1079.8799999999999,1132.1426514434813,199.4708707709342,904.0997314453125,1528.56,1213.831576694307,211.66196897930095,864.8299999999999,1685.1299999999999,1039.3,277.9899999999998,67.36999999999978,34.899999999999636,22.930000000000064,34.27,18.5,38.97,42.26,192.92,159.97,234.47,228.55,74.78,65.18,257.03,145.39,513.02,377.57,57.72,42.46
2026-06-07 16:00:00,16.5,32.0,174.46,215.31,55.64,143.3,369.5,37.69,16,0,6,6,158,23,1,-0.8660254037844384,-0.5000000000000004,1.2246467991473532e-16,-1.0,-0.7818314824680299,0.6234898018587334,1397.08,1359.1,1085.3600000000001,1129.0904822031657,197.512074314218,904.0997314453125,1528.56,1213.876653707595,211.63662325436707,864.8299999999999,1685.1299999999999,1044.4,271.78,68.42000000000007,37.98000000000002,27.420000000000073,34.41,18.95,39.51,41.39,194.81,162.29,233.97,229.55,74.3,66.34,248.21,145.25,513.38,378.9,58.49,42.69
2026-06-07 16:15:00,16.7925,33.405,179.205,219.2025,57.515,144.74,382.6025,39.894999999999996,16,15,6,6,158,23,1,-0.8660254037844384,-0.5000000000000004,1.2246467991473532e-16,-1.0,-0.7818314824680299,0.6234898018587334,1379.06,1341.58,1087.54,1126.0949627431235,195.57608399226794,904.0997314453125,1528.56,1213.9125914037795,211.6168170335336,864.8299999999999,1685.1299999999999,1073.3575,230.20249999999987,43.18249999999989,37.48000000000002,21.299999999999955,34.45,18.82,38.42,41.29,194.41,162.41,230.01,229.79,75.12,66.91,238.82,144.75,508.75,380.66,59.08,42.91
2026-06-07 16:30:00,17.085,34.81,183.95,223.095,59.39,146.18,395.70500000000004,42.099999999999994,16,30,6,6,158,23,1,-0.8660254037844384,-0.5000000000000004,1.2246467991473532e-16,-1.0,-0.7818314824680299,0.6234898018587334,1368.09,1330.31,1092.6100000000001,1123.4154119110108,193.82814143342284,904.0997314453125,1528.56,1213.9636079515728,211.59043658626948,864.8299999999999,1685.1299999999999,1102.315,195.67499999999973,20.835000000000036,37.77999999999997,21.050000000000182,34.26,18.61,38.97,42.94,196.47,163.96,231.32,229.23,73.19,67.44,228.57,145.46,506.62,382.42,58.69,42.55
2026-06-07 16:45:00,17.3775,36.214999999999996,188.695,226.9875,61.265,147.62,408.8075,44.305,16,45,6,6,158,23,1,-0.8660254037844384,-0.5000000000000004,1.2246467991473532e-16,-1.0,-0.7818314824680299,0.6234898018587334,1356.75,1302.72,1096.55,1121.0493964385985,192.18939628471827,904.0997314453125,1528.56,1214.0355462174189,211.5573316490092,864.8299999999999,1685.1299999999999,1131.2725,160.77750000000015,-2.6425000000001546,54.02999999999997,18.279999999999973,33.65,18.42,38.02,41.99,196.53,165.64,235.16,229.32,73.96,67.28,216.78,146.87,502.59,383.5,60.06,43.53
2026-06-07 17:00:00,17.67,37.62,193.44,230.88,63.14,149.06,421.91,46.51,17,0,6,6,158,23,1,-0.9659258262890683,-0.25881904510252063,1.2246467991473532e-16,-1.0,-0.7818314824680299,0.6234898018587334,1348.75,1295.76,1105.98,1119.1509525807699,190.73124433997484,904.0997314453125,1528.56,1214.1515423329672,211.514184033353,864.8299999999999,1685.1299999999999,1160.23,129.22000000000003,-20.62999999999988,52.99000000000001,13.900000000000091,33.69,18.27,38.1,43.44,199.76,168.03,236.07,230.94,75.25,67.21,208.78,148.98,495.07,384.56,62.03,44.55
2026-06-07 17:15:00,18.385,38.86,203.34,243.3775,65.685,151.305,428.6175,47.97,17,15,6,6,158,23,1,-0.9659258262890683,-0.25881904510252063,1.2246467991473532e-16,-1.0,-0.7818314824680299,0.6234898018587334,1327.3000000000002,1290.12,1123.12,1117.351427637736,189.35217634023155,904.0997314453125,1528.56,1214.2557322220575,211.47806177160984,864.8299999999999,1685.1299999999999,1197.5400000000002,75.93000000000029,-37.64500000000021,37.18000000000029,19.0,32.94,18.21,39.31,44.53,197.4,172.3,239.47,234.77,76.53,68.83,183.07,149.22,495.35,389.45,63.23,45.81
2026-06-07 17:30:00,19.1,40.099999999999994,213.24,255.875,68.22999999999999,153.55,435.32500000000005,49.43,17,30,6,6,158,23,1,-0.9659258262890683,-0.25881904510252063,1.2246467991473532e-16,-1.0,-0.7818314824680299,0.6234898018587334,1333.14,1291.7,1152.6200000000001,1116.1329617055258,188.3607125225112,904.0997314453125,1528.56,1214.3855049460274,211.44880850838774,864.8299999999999,1685.1299999999999,1234.8500000000001,49.930000000000064,-42.29999999999973,41.440000000000055,11.060000000000173,33.67,18.49,40.52,46.58,204.49,178.74,241.24,238.42,77.76,70.67,175.31,150.38,494.94,400.24,65.21,49.1
2026-06-07 17:45:00,19.815,41.339999999999996,223.14,268.3725,70.77499999999999,155.795,442.0325,50.89,17,45,6,6,158,23,1,-0.9659258262890683,-0.25881904510252063,1.2246467991473532e-16,-1.0,-0.7818314824680299,0.6234898018587334,1370.55,1333.37,1198.95,1115.4849884796142,187.71221500769104,904.0997314453125,1528.56,1214.5615682947068,211.44656011048613,864.8299999999999,1685.1299999999999,1272.16,55.5,-30.125,37.180000000000064,-23.519999999999754,34.52,19.45,43.94,51.56,211.45,181.86,248.14,240.84,77.03,70.81,166.35,153.72,519.16,425.87,69.96,54.84
2026-06-07 18:00:00,20.53,42.58,233.04,280.87,73.32,158.04,448.74,52.35,18,0,6,6,158,23,1,-1.0,-1.8369701987210297e-16,1.2246467991473532e-16,-1.0,-0.7818314824680299,0.6234898018587334,1462.85,1405.13,1298.37,1115.0385956573487,187.14937840070317,904.0997314453125,1528.56,1214.753155034383,211.4907161329346,864.8299999999999,1685.1299999999999,1309.4699999999998,115.96000000000004,35.13999999999987,57.7199999999998,12.769999999999982,37.43,20.75,48.26,55.16,234.22,218.68,263.57,258.86,83.22,76.7,180.2,161.67,540.31,448.27,75.64,58.28
2026-06-07 18:15:00,20.325000000000003,42.33,232.51999999999998,279.94,72.7775,157.8775,447.9475,52.3525,18,15,6,6,158,23,1,-1.0,-1.8369701987210297e-16,1.2246467991473532e-16,-1.0,-0.7818314824680299,0.6234898018587334,1512.33,1440.41,1355.38,1113.5453029123942,184.9033790022935,904.0997314453125,1528.56,1214.7845894041516,211.50473220910789,864.8299999999999,1685.1299999999999,1306.07,170.84749999999985,94.65000000000009,71.91999999999985,28.950000000000045,39.62,21.61,49.2,56.25,248.18,230.9,290.87,291.47,88.18,80.59,178.77,161.09,541.59,454.42,75.92,59.05
2026-06-07 18:30:00,20.12,42.08,232.0,279.01,72.235,157.71499999999997,447.155,52.355000000000004,18,30,6,6,158,23,1,-1.0,-1.8369701987210297e-16,1.2246467991473532e-16,-1.0,-0.7818314824680299,0.6234898018587334,1528.56,1472.04,1372.94,1112.018937810262,182.16125496151778,904.0997314453125,1528.56,1214.8000937943232,211.5154355498097,864.8299999999999,1685.1299999999999,1302.67,192.4849999999999,114.71000000000026,56.51999999999998,38.76000000000022,40.6,21.85,49.11,56.11,251.17,234.09,299.02,300.35,89.51,81.51,180.92,162.22,541.58,456.76,76.65,60.05
2026-06-07 18:45:00,19.915,41.83,231.48000000000002,278.08,71.6925,157.55249999999998,446.3625,52.3575,18,45,6,6,158,23,1,-1.0,-1.8369701987210297e-16,1.2246467991473532e-16,-1.0,-0.7818314824680299,0.6234898018587334,1521.0900000000001,1467.63,1377.18,1110.2849487050373,178.91787665017554,904.0997314453125,1521.0900000000001,1214.7839584459575,211.50376720101582,864.8299999999999,1685.1299999999999,1299.2700000000002,190.4224999999999,121.45000000000005,53.460000000000036,36.980000000000246,40.43,22.23,50.24,55.71,251.37,235.59,302.57,303.31,89.9,82.65,173.39,161.27,536.48,457.1,76.71,59.32
2026-06-07 19:00:00,19.71,41.58,230.96,277.15,71.15,157.39,445.57,52.36,19,0,6,6,158,23,1,-0.9659258262890684,0.2588190451025203,1.2246467991473532e-16,-1.0,-0.7818314824680299,0.6234898018587334,1507.91,1479.83,1375.6299999999999,1108.5158735911052,175.62249535128154,904.0997314453125,1507.91,1214.745385215396,211.47646784950584,864.8299999999999,1685.1299999999999,1295.87,182.6500000000001,122.39999999999986,28.080000000000155,37.289999999999736,41.05,21.65,49.9,57.16,241.81,235.45,300.88,303.14,89.39,82.77,172.64,161.16,536.05,454.7,76.19,59.6
2026-06-07 19:15:00,19.4825,41.1825,228.715,274.5075,70.41,156.9475,443.295,51.8675,19,15,6,6,158,23,1,-0.9659258262890684,0.2588190451025203,1.2246467991473532e-16,-1.0,-0.7818314824680299,0.6234898018587334,1498.5500000000002,1474.26,1371.7,1107.0029294077556,172.7476817723681,904.0997314453125,1498.5500000000002,1214.7260955701556,211.46236174430067,864.8299999999999,1685.1299999999999,1286.4075,185.85000000000036,127.67000000000007,24.29000000000019,36.830000000000155,40.71,21.57,48.72,55.9,241.73,233.88,300.06,301.81,88.63,83.61,169.12,160.3,533.35,455.07,76.23,59.56
2026-06-07 19:30:00,19.255000000000003,40.785,226.47,271.865,69.67,156.505,441.02,51.375,19,30,6,6,158,23,1,-0.9659258262890684,0.2588190451025203,1.2246467991473532e-16,-1.0,-0.7818314824680299,0.6234898018587334,1494.2599999999998,1464.94,1367.14,1105.3550213877359,169.70093770671446,904.0997314453125,1494.2599999999998,1214.6794450196767,211.43113589422916,864.8299999999999,1685.1299999999999,1276.945,194.11999999999966,132.30999999999995,29.31999999999971,34.819999999999936,40.54,21.63,48.33,55.33,240.65,232.91,299.37,300.81,88.1,84.13,171.48,159.3,530.3,454.42,75.49,58.61
2026-06-07 19:45:00,19.0275,40.3875,224.225,269.22249999999997,68.93,156.0625,438.745,50.8825,19,45,6,6,158,23,1,-0.9659258262890684,0.2588190451025203,1.2246467991473532e-16,-1.0,-0.7818314824680299,0.6234898018587334,1479.21,1456.94,1360.71,1103.5720243581136,166.43968487675522,904.0997314453125,1483.24,1214.6138978249687,211.39062401115893,864.8299999999999,1685.1299999999999,1267.4824999999998,191.63000000000034,135.08000000000015,22.269999999999982,29.36999999999989,40.7,22.04,48.29,54.75,238.86,230.62,298.26,299.11,88.49,82.11,164.84,160.07,524.9,453.82,74.87,58.19
2026-06-07 20:00:00,18.8,39.99,221.98,266.58,68.19,155.62,436.47,50.39,20,0,6,6,158,23,1,-0.8660254037844386,0.5000000000000001,1.2246467991473532e-16,-1.0,-0.7818314824680299,0.6234898018587334,1450.06,1445.72,1354.12,1101.9582111867269,163.483971979578,904.0997314453125,1483.24,1214.5596923719133,211.35777344623233,864.8299999999999,1685.1299999999999,1258.0200000000002,175.03999999999996,137.68999999999983,4.339999999999918,29.73999999999978,40.05,21.45,47.34,54.02,210.53,230.29,295.53,296.57,87.35,82.11,179.16,161.24,518.49,449.79,71.61,58.65
2026-06-07 20:15:00,18.5375,39.14,217.17,259.6875,67.185,154.6575,431.3,49.3875,20,15,6,6,158,23,1,-0.8660254037844386,0.5000000000000001,1.2246467991473532e-16,-1.0,-0.7818314824680299,0.6234898018587334,1479.22,1424.3,1334.31,1100.7790011342365,161.3409078136048,904.0997314453125,1483.24,1214.534001650129,211.34183312394092,864.8299999999999,1685.1299999999999,1237.065,224.28750000000014,138.62000000000012,54.92000000000007,19.819999999999936,39.99,21.26,46.8,53.85,227.1,215.77,290.92,294.73,86.79,81.86,197.98,159.71,516.58,449.34,73.06,57.79
2026-06-07 20:30:00,18.275,38.290000000000006,212.36,252.795,66.18,153.695,426.13,48.385000000000005,20,30,6,6,158,23,1,-0.8660254037844386,0.5000000000000001,1.2246467991473532e-16,-1.0,-0.7818314824680299,0.6234898018587334,1483.24,1439.8300000000002,1331.5,1098.8575479888916,157.84706829123056,904.0997314453125,1483.24,1214.4751482246036,211.3139337221922,864.8299999999999,1685.1299999999999,1216.11,248.39499999999998,156.54999999999995,43.409999999999854,25.950000000000045,40.14,21.41,46.47,53.29,231.54,218.25,288.31,291.76,87.14,82.14,203.04,160.83,514.44,446.77,72.16,57.05
2026-06-07 20:45:00,18.0125,37.440000000000005,207.55,245.90249999999997,65.175,152.73250000000002,420.96000000000004,47.3825,20,45,6,6,158,23,1,-0.8660254037844386,0.5000000000000001,1.2246467991473532e-16,-1.0,-0.7818314824680299,0.6234898018587334,1468.7400000000002,1410.28,1323.6999999999998,1096.8284353892009,154.0604650991119,904.0997314453125,1468.7400000000002,1214.411078567505,211.2849243552826,864.8299999999999,1685.1299999999999,1195.155,253.9825000000003,169.48999999999978,58.460000000000264,28.36999999999989,39.97,21.1,46.09,52.67,229.35,219.71,284.79,287.71,86.59,80.52,199.15,162.29,510.79,443.43,72.01,56.27
2026-06-07 21:00:00,17.75,36.59,202.74,239.01,64.17,151.77,415.79,46.38,21,0,6,6,158,23,1,-0.7071067811865477,0.7071067811865474,1.2246467991473532e-16,-1.0,-0.7818314824680299,0.6234898018587334,1435.6799999999998,1396.49,1303.32,1094.4647687530517,149.98104703074128,904.0997314453125,1435.6799999999998,1214.289245238531,211.2454123629699,864.8299999999999,1685.1299999999999,1174.2,241.00999999999976,169.85000000000014,39.18999999999983,30.580000000000155,38.96,20.82,45.58,51.29,224.24,214.68,277.89,281.48,85.01,79.27,181.86,162.32,504.58,437.98,77.56,55.48
2026-06-07 21:15:00,17.3925,35.4575,196.9625,230.195,62.42,150.35500000000002,407.52250000000004,45.08,21,15,6,6,158,23,1,-0.7071067811865477,0.7071067811865474,1.2246467991473532e-16,-1.0,-0.7818314824680299,0.6234898018587334,1410.68,1369.68,1280.45,1092.587685216268,146.75865215704573,904.0997314453125,1410.68,1214.2180547332764,211.22342393564222,864.8299999999999,1685.1299999999999,1145.385,242.52250000000004,175.41499999999996,41.0,27.3599999999999,38.93,20.28,44.74,52.62,220.94,208.63,269.03,272.31,85.16,78.64,181.45,160.38,500.68,433.29,69.75,54.3
2026-06-07 21:30:00,17.035,34.325,191.185,221.38,60.67,148.94,399.255,43.78,21,30,6,6,158,23,1,-0.7071067811865477,0.7071067811865474,1.2246467991473532e-16,-1.0,-0.7818314824680299,0.6234898018587334,1386.55,1349.04,1261.54,1090.7341256459554,143.7925893577238,904.0997314453125,1386.55,1214.1470551518032,211.2091461896352,864.8299999999999,1685.1299999999999,1116.57,244.9050000000002,184.94000000000005,37.50999999999999,33.090000000000146,38.51,20.5,44.19,49.75,213.97,204.07,258.6,266.48,84.92,78.72,183.45,159.86,495.56,428.61,67.35,53.55
2026-06-07 21:45:00,16.677500000000002,33.1925,185.4075,212.565,58.92,147.525,390.9875,42.480000000000004,21,45,6,6,158,23,1,-0.7071067811865477,0.7071067811865474,1.2246467991473532e-16,-1.0,-0.7818314824680299,0.6234898018587334,1318.25,1334.52,1233.92,1088.639922205607,140.87333135531938,904.0997314453125,1365.7989501953125,1214.0339100174676,211.20408545521684,864.8299999999999,1685.1299999999999,1087.755,203.11750000000006,185.7550000000001,-16.269999999999982,29.730000000000018,37.95,20.25,44.09,48.58,208.33,198.29,250.6,258.4,83.17,77.98,139.55,158.1,489.25,419.99,65.31,52.33
2026-06-07 22:00:00,16.32,32.06,179.63,203.75,57.17,146.11,382.72,41.18,22,0,6,6,158,23,1,-0.5000000000000004,0.8660254037844384,1.2246467991473532e-16,-1.0,-0.7818314824680299,0.6234898018587334,1297.8,1322.77,1204.85,1086.5951058705648,138.9164945943341,904.0997314453125,1365.7989501953125,1213.8672844696043,211.23254065719533,864.8299999999999,1685.1299999999999,1058.94,209.18000000000006,185.1199999999999,-24.970000000000027,26.799999999999955,37.67,20.33,41.3,46.39,205.23,191.74,242.03,248.18,83.58,75.98,143.13,155.22,481.51,416.2,63.35,50.81
2026-06-07 22:15:00,15.842500000000001,30.935000000000002,174.6175,195.8075,55.8975,144.78250000000003,379.75250000000005,39.855000000000004,22,15,6,6,158,23,1,-0.5000000000000004,0.8660254037844384,1.2246467991473532e-16,-1.0,-0.7818314824680299,0.6234898018587334,1289.16,1288.63,1175.22,1084.8034829457602,137.26317322509726,904.0997314453125,1365.7989501953125,1213.7496567898704,211.25957666489023,864.8299999999999,1685.1299999999999,1037.49,224.07250000000022,175.8275000000001,0.5299999999999727,27.460000000000036,37.22,20.15,40.09,45.68,199.95,182.84,234.29,239.58,82.17,74.62,159.33,154.25,472.85,408.66,63.26,49.44
2026-06-07 22:30:00,15.365,29.810000000000002,169.60500000000002,187.865,54.625,143.455,376.785,38.53,22,30,6,6,158,23,1,-0.5000000000000004,0.8660254037844384,1.2246467991473532e-16,-1.0,-0.7818314824680299,0.6234898018587334,1270.07,1271.5,1142.33,1082.9056777699789,135.65808484881342,904.0997314453125,1365.7989501953125,1213.6480953361875,211.29452938945136,864.8299999999999,1685.1299999999999,1016.04,228.51499999999987,163.27499999999986,-1.4300000000000637,17.089999999999918,37.1,20.14,39.02,43.51,192.94,177.1,227.39,228.28,80.94,70.96,163.76,153.16,466.05,400.78,62.87,48.4
2026-06-07 22:45:00,14.8875,28.685,164.5925,179.92249999999999,53.3525,142.1275,373.8175,37.205,22,45,6,6,158,23,1,-0.5000000000000004,0.8660254037844384,1.2246467991473532e-16,-1.0,-0.7818314824680299,0.6234898018587334,1232.52,1212.13,1108.69,1081.1884098561604,134.3005276741423,904.0997314453125,1365.7989501953125,1213.5928606342134,211.31805068417964,864.8299999999999,1685.1299999999999,994.59,214.49749999999983,149.97250000000008,20.389999999999873,15.090000000000146,35.92,19.75,38.58,43.11,186.52,171.12,219.06,220.36,79.45,70.0,155.74,148.77,456.71,389.45,60.54,46.13
2026-06-07 23:00:00,14.41,27.56,159.58,171.98,52.08,140.8,370.85,35.88,23,0,6,6,158,23,1,-0.25881904510252157,0.9659258262890681,1.2246467991473532e-16,-1.0,-0.7818314824680299,0.6234898018587334,1218.6,1188.29,1093.99,1079.3703062693278,133.40874946941443,904.0997314453125,1365.7989501953125,1213.5174023837135,211.36461398350804,864.8299999999999,1685.1299999999999,973.14,224.1099999999999,155.61000000000013,30.309999999999945,15.980000000000018,35.3,18.88,37.4,39.6,182.13,164.82,210.76,210.54,76.45,68.45,167.39,147.13,449.48,399.49,59.69,45.08
2026-06-07 23:15:00,14.41,27.56,159.58,171.98,52.08,140.8,370.85,35.88,23,15,6,6,158,23,1,-0.25881904510252157,0.9659258262890681,1.2246467991473532e-16,-1.0,-0.7818314824680299,0.6234898018587334,1195.25,1168.75,1067.59,1077.7605444590251,132.64121029274872,904.0997314453125,1365.7989501953125,1213.472867958432,211.39298679607313,864.8299999999999,1685.1299999999999,973.14,200.76,129.21000000000004,26.5,12.039999999999736,34.61,18.46,37.34,36.97,176.5,157.68,203.09,201.23,74.4,66.76,170.83,146.71,440.47,395.88,58.01,43.9
2026-06-07 23:30:00,14.41,27.56,159.58,171.98,52.08,140.8,370.85,35.88,23,30,6,6,158,23,1,-0.25881904510252157,0.9659258262890681,1.2246467991473532e-16,-1.0,-0.7818314824680299,0.6234898018587334,1087.4090576171875,1138.0233333333333,1045.2833333333333,1076.2493750254314,132.11392308507385,904.0997314453125,1365.7989501953125,1213.4469568488712,211.41196105793955,864.8299999999999,1685.1299999999999,973.14,92.91905761718749,106.90333333333342,-50.61427571614581,18.143333333333203,17.155977550315914,18.19,34.049530969843055,35.873333333333335,181.59749850582963,152.53,201.27930831498747,192.89,63.22234684252811,65.70333333333333,154.49127266310612,145.54666666666668,396.2385688134787,392.02666666666664,39.37455395709853,42.52333333333333
2026-06-07 23:45:00,14.41,27.56,159.58,171.98,52.08,140.8,370.85,35.88,23,45,6,6,158,23,1,-0.25881904510252157,0.9659258262890681,1.2246467991473532e-16,-1.0,-0.7818314824680299,0.6234898018587334,1072.1038818359375,1107.2966666666669,1022.9766666666666,1075.2961654663086,132.36244220125425,904.0997314453125,1365.7989501953125,1213.3734711444188,211.4790728569942,864.8299999999999,1685.1299999999999,973.14,77.61388183593749,84.59666666666669,-35.19278483072935,24.246666666666556,16.914508849768083,17.919999999999998,33.57028716263723,34.776666666666664,179.0415315340652,147.38,198.4463218014856,184.55,62.33249851456918,64.64666666666668,152.31682316021235,144.38333333333333,390.6615498393217,388.17333333333335,38.820360973878174,41.14666666666667
